Workbook

Sheet Compare
A1: PriceHub — Compare One Product on 3 Marketplaces
A2: Collected data (15-17 Oct 2026), not live. The best marketplace is calculated each time from price, warranty and rating. Nothing is stored in advance.
A4: Select a product: | B4: Wireless Bluetooth Neckband Earphones
A5: ="Weights in use: price "&TEXT(Weights!$B$5,"0%")&", rating "&TEXT(Weights!$B$6,"0%")&", warranty "&TEXT(Weights!$B$7,"0%")&" (change them on the Weights sheet)" -> Weights in use: price 50%, rating 30%, warranty 20% (change them on the Weights sheet)
A7: Marketplace | B7: Price (₹) | C7: Warranty (as collected) | D7: Warranty (months) | E7: Rating (out of 5) | F7: In stock | G7: Price date | H7: Price score | I7: Rating score | J7: Warranty score | K7: Value score (0-100) | L7: Rank | M7: Price rank
A8: Amazon | B8: =IFERROR(INDEX(Products!$E$5:$E$60,MATCH($B$4&"|"&$A8,Products!$W$5:$W$60,0)),"Not listed") -> 379 | C8: =IFERROR(INDEX(Products!$F$5:$F$60,MATCH($B$4&"|"&$A8,Products!$W$5:$W$60,0)),"Not listed") -> 1 Year | D8: =IFERROR(INDEX(Products!$M$5:$M$60,MATCH($B$4&"|"&$A8,Products!$W$5:$W$60,0)),"Not listed") -> 12 | E8: =IFERROR(INDEX(Products!$G$5:$G$60,MATCH($B$4&"|"&$A8,Products!$W$5:$W$60,0)),"Not listed") -> 3.7 | F8: =IFERROR(INDEX(Products!$H$5:$H$60,MATCH($B$4&"|"&$A8,Products!$W$5:$W$60,0)),"Not listed") -> Yes | G8: =IFERROR(INDEX(Products!$I$5:$I$60,MATCH($B$4&"|"&$A8,Products!$W$5:$W$60,0)),"Not listed") -> 46310 | H8: =IFERROR(INDEX(Products!$N$5:$N$60,MATCH($B$4&"|"&$A8,Products!$W$5:$W$60,0)),"Not listed") -> 0.76809453 | I8: =IFERROR(INDEX(Products!$O$5:$O$60,MATCH($B$4&"|"&$A8,Products!$W$5:$W$60,0)),"Not listed") -> 0.74 | J8: =IFERROR(INDEX(Products!$P$5:$P$60,MATCH($B$4&"|"&$A8,Products!$W$5:$W$60,0)),"Not listed") -> 1 | K8: =IFERROR(INDEX(Products!$R$5:$R$60,MATCH($B$4&"|"&$A8,Products!$W$5:$W$60,0)),"Not listed") -> 80.6 | L8: =IFERROR(INDEX(Products!$S$5:$S$60,MATCH($B$4&"|"&$A8,Products!$W$5:$W$60,0)),"Not listed") -> 1 | M8: =IFERROR(INDEX(Products!$T$5:$T$60,MATCH($B$4&"|"&$A8,Products!$W$5:$W$60,0)),"Not listed") -> 2
A9: Flipkart | B9: =IFERROR(INDEX(Products!$E$5:$E$60,MATCH($B$4&"|"&$A9,Products!$W$5:$W$60,0)),"Not listed") -> 899 | C9: =IFERROR(INDEX(Products!$F$5:$F$60,MATCH($B$4&"|"&$A9,Products!$W$5:$W$60,0)),"Not listed") -> 1 Year | D9: =IFERROR(INDEX(Products!$M$5:$M$60,MATCH($B$4&"|"&$A9,Products!$W$5:$W$60,0)),"Not listed") -> 12 | E9: =IFERROR(INDEX(Products!$G$5:$G$60,MATCH($B$4&"|"&$A9,Products!$W$5:$W$60,0)),"Not listed") -> 4.2 | F9: =IFERROR(INDEX(Products!$H$5:$H$60,MATCH($B$4&"|"&$A9,Products!$W$5:$W$60,0)),"Not listed") -> Yes | G9: =IFERROR(INDEX(Products!$I$5:$I$60,MATCH($B$4&"|"&$A9,Products!$W$5:$W$60,0)),"Not listed") -> 46310 | H9: =IFERROR(INDEX(Products!$N$5:$N$60,MATCH($B$4&"|"&$A9,Products!$W$5:$W$60,0)),"Not listed") -> 0 | I9: =IFERROR(INDEX(Products!$O$5:$O$60,MATCH($B$4&"|"&$A9,Products!$W$5:$W$60,0)),"Not listed") -> 0.84 | J9: =IFERROR(INDEX(Products!$P$5:$P$60,MATCH($B$4&"|"&$A9,Products!$W$5:$W$60,0)),"Not listed") -> 1 | K9: =IFERROR(INDEX(Products!$R$5:$R$60,MATCH($B$4&"|"&$A9,Products!$W$5:$W$60,0)),"Not listed") -> 45.2 | L9: =IFERROR(INDEX(Products!$S$5:$S$60,MATCH($B$4&"|"&$A9,Products!$W$5:$W$60,0)),"Not listed") -> 3 | M9: =IFERROR(INDEX(Products!$T$5:$T$60,MATCH($B$4&"|"&$A9,Products!$W$5:$W$60,0)),"Not listed") -> 3
A10: Meesho | B10: =IFERROR(INDEX(Products!$E$5:$E$60,MATCH($B$4&"|"&$A10,Products!$W$5:$W$60,0)),"Not listed") -> 222 | C10: =IFERROR(INDEX(Products!$F$5:$F$60,MATCH($B$4&"|"&$A10,Products!$W$5:$W$60,0)),"Not listed") -> No Warranty | D10: =IFERROR(INDEX(Products!$M$5:$M$60,MATCH($B$4&"|"&$A10,Products!$W$5:$W$60,0)),"Not listed") -> 0 | E10: =IFERROR(INDEX(Products!$G$5:$G$60,MATCH($B$4&"|"&$A10,Products!$W$5:$W$60,0)),"Not listed") -> 3.9 | F10: =IFERROR(INDEX(Products!$H$5:$H$60,MATCH($B$4&"|"&$A10,Products!$W$5:$W$60,0)),"Not listed") -> Yes | G10: =IFERROR(INDEX(Products!$I$5:$I$60,MATCH($B$4&"|"&$A10,Products!$W$5:$W$60,0)),"Not listed") -> 46310 | H10: =IFERROR(INDEX(Products!$N$5:$N$60,MATCH($B$4&"|"&$A10,Products!$W$5:$W$60,0)),"Not listed") -> 1 | I10: =IFERROR(INDEX(Products!$O$5:$O$60,MATCH($B$4&"|"&$A10,Products!$W$5:$W$60,0)),"Not listed") -> 0.78 | J10: =IFERROR(INDEX(Products!$P$5:$P$60,MATCH($B$4&"|"&$A10,Products!$W$5:$W$60,0)),"Not listed") -> 0 | K10: =IFERROR(INDEX(Products!$R$5:$R$60,MATCH($B$4&"|"&$A10,Products!$W$5:$W$60,0)),"Not listed") -> 73.4 | L10: =IFERROR(INDEX(Products!$S$5:$S$60,MATCH($B$4&"|"&$A10,Products!$W$5:$W$60,0)),"Not listed") -> 2 | M10: =IFERROR(INDEX(Products!$T$5:$T$60,MATCH($B$4&"|"&$A10,Products!$W$5:$W$60,0)),"Not listed") -> 1
A12: Best value: | B12: =IFERROR(INDEX($A$8:$A$10,MATCH(1,$L$8:$L$10,0)),"No in-stock listing") -> Amazon
A13: Price there (₹): | B13: =IFERROR(INDEX($B$8:$B$10,MATCH(1,$L$8:$L$10,0)),"") -> 379
A14: Lowest in-stock price on: | B14: =IFERROR(INDEX($A$8:$A$10,MATCH(1,$M$8:$M$10,0)),"") -> Meesho
A15: Lowest in-stock price (₹): | B15: =IFERROR(INDEX($B$8:$B$10,MATCH(1,$M$8:$M$10,0)),"") -> 222
A16: Why: | B16: =IF($B$12="No in-stock listing","No marketplace has this product in stock.",IF(OR($B$12=$B$14,$B$13=$B$15),$B$12&" is the best value: lowest in-stock price"&IF(COUNT($B$8:$B$10)>1," and the best overall score on price, warranty and rating.","."),$B$12&" is the best value. "&$B$14&" is cheaper by ₹"&TEXT($B$13-$B$15,"#,##0")&", but scores lower overall on price, warranty and rating.")) -> Amazon is the best value. Meesho is cheaper by ₹157, but scores lower overall on price, warranty and rating.
A18: Links and images for each listing are on the 'Products' sheet (columns K and L). Warranty is converted to months from your text. Out-of-stock listings are excluded from the ranking.

Sheet Overview
A1: PriceHub — Overview: best marketplace for each product (15 similar products × 3 marketplaces)
A2: Calculated live from 'Products' and 'Weights'. Nothing here is stored. Collected 15-17 Oct 2026; not live. Items are similar, not identical, products.
A4: Product ID | B4: Product | C4: Category | D4: Best-value marketplace | E4: Price there (₹) | F4: Value score (0-100) | G4: Lowest-price marketplace | H4: Lowest price (₹) | I4: Extra cost vs lowest (₹) | J4: Recommendation | K4: Other similar products in category | L4: Helper: category key
A5: 1 | B5: =IF($A5="","",INDEX(Products!$B$5:$B$60,MATCH($A5,Products!$A$5:$A$60,0))) -> Wireless Bluetooth Neckband Earphones | C5: =IF($A5="","",INDEX(Products!$C$5:$C$60,MATCH($A5,Products!$A$5:$A$60,0))) -> Audio | D5: =IF($A5="","",IFERROR(INDEX(Products!$D$5:$D$60,MATCH($A5&"|1",Products!$U$5:$U$60,0)),"No in-stock listing")) -> Amazon | E5: =IF(OR($A5="",$D5="No in-stock listing"),"",INDEX(Products!$E$5:$E$60,MATCH($A5&"|1",Products!$U$5:$U$60,0))) -> 379 | F5: =IF(OR($A5="",$D5="No in-stock listing"),"",INDEX(Products!$R$5:$R$60,MATCH($A5&"|1",Products!$U$5:$U$60,0))) -> 80.6 | G5: =IF(OR($A5="",$D5="No in-stock listing"),"",INDEX(Products!$D$5:$D$60,MATCH($A5&"|1",Products!$V$5:$V$60,0))) -> Meesho | H5: =IF(OR($A5="",$D5="No in-stock listing"),"",INDEX(Products!$E$5:$E$60,MATCH($A5&"|1",Products!$V$5:$V$60,0))) -> 222 | I5: =IF($E5="","",$E5-$H5) -> 157 | J5: =IF($A5="","",IF($D5="No in-stock listing","No in-stock listing for this product.",IF(OR($D5=$G5,$I5=0),$D5&": lowest in-stock price and best overall value.",$D5&" is the best value. "&$G5&" is cheaper by ₹"&TEXT($I5,"#,##0")&" but scores lower overall across the weighted factors."))) -> Amazon is the best value. Meesho is cheaper by ₹157 but scores lower overall across the weighted factors. | K5: =IF($A5="","",COUNTIF($C$5:$C$19,$C5)-1) -> 2 | L5: =IF(OR($A5="",$E5=""),"",$C5&"|"&$E5) -> Audio|379
A6: 2 | B6: =IF($A6="","",INDEX(Products!$B$5:$B$60,MATCH($A6,Products!$A$5:$A$60,0))) -> True Wireless Earbuds with Charging Case | C6: =IF($A6="","",INDEX(Products!$C$5:$C$60,MATCH($A6,Products!$A$5:$A$60,0))) -> Audio | D6: =IF($A6="","",IFERROR(INDEX(Products!$D$5:$D$60,MATCH($A6&"|1",Products!$U$5:$U$60,0)),"No in-stock listing")) -> Meesho | E6: =IF(OR($A6="",$D6="No in-stock listing"),"",INDEX(Products!$E$5:$E$60,MATCH($A6&"|1",Products!$U$5:$U$60,0))) -> 581 | F6: =IF(OR($A6="",$D6="No in-stock listing"),"",INDEX(Products!$R$5:$R$60,MATCH($A6&"|1",Products!$U$5:$U$60,0))) -> 74.6 | G6: =IF(OR($A6="",$D6="No in-stock listing"),"",INDEX(Products!$D$5:$D$60,MATCH($A6&"|1",Products!$V$5:$V$60,0))) -> Meesho | H6: =IF(OR($A6="",$D6="No in-stock listing"),"",INDEX(Products!$E$5:$E$60,MATCH($A6&"|1",Products!$V$5:$V$60,0))) -> 581 | I6: =IF($E6="","",$E6-$H6) -> 0 | J6: =IF($A6="","",IF($D6="No in-stock listing","No in-stock listing for this product.",IF(OR($D6=$G6,$I6=0),$D6&": lowest in-stock price and best overall value.",$D6&" is the best value. "&$G6&" is cheaper by ₹"&TEXT($I6,"#,##0")&" but scores lower overall across the weighted factors."))) -> Meesho: lowest in-stock price and best overall value. | K6: =IF($A6="","",COUNTIF($C$5:$C$19,$C6)-1) -> 2 | L6: =IF(OR($A6="",$E6=""),"",$C6&"|"&$E6) -> Audio|581
A7: 3 | B7: =IF($A7="","",INDEX(Products!$B$5:$B$60,MATCH($A7,Products!$A$5:$A$60,0))) -> Wired In-Ear Earphones with Mic | C7: =IF($A7="","",INDEX(Products!$C$5:$C$60,MATCH($A7,Products!$A$5:$A$60,0))) -> Audio | D7: =IF($A7="","",IFERROR(INDEX(Products!$D$5:$D$60,MATCH($A7&"|1",Products!$U$5:$U$60,0)),"No in-stock listing")) -> Amazon | E7: =IF(OR($A7="",$D7="No in-stock listing"),"",INDEX(Products!$E$5:$E$60,MATCH($A7&"|1",Products!$U$5:$U$60,0))) -> 94 | F7: =IF(OR($A7="",$D7="No in-stock listing"),"",INDEX(Products!$R$5:$R$60,MATCH($A7&"|1",Products!$U$5:$U$60,0))) -> 89.8 | G7: =IF(OR($A7="",$D7="No in-stock listing"),"",INDEX(Products!$D$5:$D$60,MATCH($A7&"|1",Products!$V$5:$V$60,0))) -> Amazon | H7: =IF(OR($A7="",$D7="No in-stock listing"),"",INDEX(Products!$E$5:$E$60,MATCH($A7&"|1",Products!$V$5:$V$60,0))) -> 94 | I7: =IF($E7="","",$E7-$H7) -> 0 | J7: =IF($A7="","",IF($D7="No in-stock listing","No in-stock listing for this product.",IF(OR($D7=$G7,$I7=0),$D7&": lowest in-stock price and best overall value.",$D7&" is the best value. "&$G7&" is cheaper by ₹"&TEXT($I7,"#,##0")&" but scores lower overall across the weighted factors."))) -> Amazon: lowest in-stock price and best overall value. | K7: =IF($A7="","",COUNTIF($C$5:$C$19,$C7)-1) -> 2 | L7: =IF(OR($A7="",$E7=""),"",$C7&"|"&$E7) -> Audio|94
A8: 4 | B8: =IF($A8="","",INDEX(Products!$B$5:$B$60,MATCH($A8,Products!$A$5:$A$60,0))) -> Women's Cotton Churidar Set | C8: =IF($A8="","",INDEX(Products!$C$5:$C$60,MATCH($A8,Products!$A$5:$A$60,0))) -> Clothing | D8: =IF($A8="","",IFERROR(INDEX(Products!$D$5:$D$60,MATCH($A8&"|1",Products!$U$5:$U$60,0)),"No in-stock listing")) -> Meesho | E8: =IF(OR($A8="",$D8="No in-stock listing"),"",INDEX(Products!$E$5:$E$60,MATCH($A8&"|1",Products!$U$5:$U$60,0))) -> 376 | F8: =IF(OR($A8="",$D8="No in-stock listing"),"",INDEX(Products!$R$5:$R$60,MATCH($A8&"|1",Products!$U$5:$U$60,0))) -> 97 | G8: =IF(OR($A8="",$D8="No in-stock listing"),"",INDEX(Products!$D$5:$D$60,MATCH($A8&"|1",Products!$V$5:$V$60,0))) -> Meesho | H8: =IF(OR($A8="",$D8="No in-stock listing"),"",INDEX(Products!$E$5:$E$60,MATCH($A8&"|1",Products!$V$5:$V$60,0))) -> 376 | I8: =IF($E8="","",$E8-$H8) -> 0 | J8: =IF($A8="","",IF($D8="No in-stock listing","No in-stock listing for this product.",IF(OR($D8=$G8,$I8=0),$D8&": lowest in-stock price and best overall value.",$D8&" is the best value. "&$G8&" is cheaper by ₹"&TEXT($I8,"#,##0")&" but scores lower overall across the weighted factors."))) -> Meesho: lowest in-stock price and best overall value. | K8: =IF($A8="","",COUNTIF($C$5:$C$19,$C8)-1) -> 4 | L8: =IF(OR($A8="",$E8=""),"",$C8&"|"&$E8) -> Clothing|376
A9: 5 | B9: =IF($A9="","",INDEX(Products!$B$5:$B$60,MATCH($A9,Products!$A$5:$A$60,0))) -> Girls Cotton Party Frock | C9: =IF($A9="","",INDEX(Products!$C$5:$C$60,MATCH($A9,Products!$A$5:$A$60,0))) -> Clothing | D9: =IF($A9="","",IFERROR(INDEX(Products!$D$5:$D$60,MATCH($A9&"|1",Products!$U$5:$U$60,0)),"No in-stock listing")) -> Meesho | E9: =IF(OR($A9="",$D9="No in-stock listing"),"",INDEX(Products!$E$5:$E$60,MATCH($A9&"|1",Products!$U$5:$U$60,0))) -> 247 | F9: =IF(OR($A9="",$D9="No in-stock listing"),"",INDEX(Products!$R$5:$R$60,MATCH($A9&"|1",Products!$U$5:$U$60,0))) -> 97 | G9: =IF(OR($A9="",$D9="No in-stock listing"),"",INDEX(Products!$D$5:$D$60,MATCH($A9&"|1",Products!$V$5:$V$60,0))) -> Meesho | H9: =IF(OR($A9="",$D9="No in-stock listing"),"",INDEX(Products!$E$5:$E$60,MATCH($A9&"|1",Products!$V$5:$V$60,0))) -> 247 | I9: =IF($E9="","",$E9-$H9) -> 0 | J9: =IF($A9="","",IF($D9="No in-stock listing","No in-stock listing for this product.",IF(OR($D9=$G9,$I9=0),$D9&": lowest in-stock price and best overall value.",$D9&" is the best value. "&$G9&" is cheaper by ₹"&TEXT($I9,"#,##0")&" but scores lower overall across the weighted factors."))) -> Meesho: lowest in-stock price and best overall value. | K9: =IF($A9="","",COUNTIF($C$5:$C$19,$C9)-1) -> 4 | L9: =IF(OR($A9="",$E9=""),"",$C9&"|"&$E9) -> Clothing|247
A10: 6 | B10: =IF($A10="","",INDEX(Products!$B$5:$B$60,MATCH($A10,Products!$A$5:$A$60,0))) -> Women's Anarkali Kurti Set | C10: =IF($A10="","",INDEX(Products!$C$5:$C$60,MATCH($A10,Products!$A$5:$A$60,0))) -> Clothing | D10: =IF($A10="","",IFERROR(INDEX(Products!$D$5:$D$60,MATCH($A10&"|1",Products!$U$5:$U$60,0)),"No in-stock listing")) -> Meesho | E10: =IF(OR($A10="",$D10="No in-stock listing"),"",INDEX(Products!$E$5:$E$60,MATCH($A10&"|1",Products!$U$5:$U$60,0))) -> 740 | F10: =IF(OR($A10="",$D10="No in-stock listing"),"",INDEX(Products!$R$5:$R$60,MATCH($A10&"|1",Products!$U$5:$U$60,0))) -> 100 | G10: =IF(OR($A10="",$D10="No in-stock listing"),"",INDEX(Products!$D$5:$D$60,MATCH($A10&"|1",Products!$V$5:$V$60,0))) -> Meesho | H10: =IF(OR($A10="",$D10="No in-stock listing"),"",INDEX(Products!$E$5:$E$60,MATCH($A10&"|1",Products!$V$5:$V$60,0))) -> 740 | I10: =IF($E10="","",$E10-$H10) -> 0 | J10: =IF($A10="","",IF($D10="No in-stock listing","No in-stock listing for this product.",IF(OR($D10=$G10,$I10=0),$D10&": lowest in-stock price and best overall value.",$D10&" is the best value. "&$G10&" is cheaper by ₹"&TEXT($I10,"#,##0")&" but scores lower overall across the weighted factors."))) -> Meesho: lowest in-stock price and best overall value. | K10: =IF($A10="","",COUNTIF($C$5:$C$19,$C10)-1) -> 4 | L10: =IF(OR($A10="",$E10=""),"",$C10&"|"&$E10) -> Clothing|740
A11: 7 | B11: =IF($A11="","",INDEX(Products!$B$5:$B$60,MATCH($A11,Products!$A$5:$A$60,0))) -> Women's Floral Print Maxi Dress | C11: =IF($A11="","",INDEX(Products!$C$5:$C$60,MATCH($A11,Products!$A$5:$A$60,0))) -> Clothing | D11: =IF($A11="","",IFERROR(INDEX(Products!$D$5:$D$60,MATCH($A11&"|1",Products!$U$5:$U$60,0)),"No in-stock listing")) -> Amazon | E11: =IF(OR($A11="",$D11="No in-stock listing"),"",INDEX(Products!$E$5:$E$60,MATCH($A11&"|1",Products!$U$5:$U$60,0))) -> 288 | F11: =IF(OR($A11="",$D11="No in-stock listing"),"",INDEX(Products!$R$5:$R$60,MATCH($A11&"|1",Products!$U$5:$U$60,0))) -> 92.8 | G11: =IF(OR($A11="",$D11="No in-stock listing"),"",INDEX(Products!$D$5:$D$60,MATCH($A11&"|1",Products!$V$5:$V$60,0))) -> Amazon | H11: =IF(OR($A11="",$D11="No in-stock listing"),"",INDEX(Products!$E$5:$E$60,MATCH($A11&"|1",Products!$V$5:$V$60,0))) -> 288 | I11: =IF($E11="","",$E11-$H11) -> 0 | J11: =IF($A11="","",IF($D11="No in-stock listing","No in-stock listing for this product.",IF(OR($D11=$G11,$I11=0),$D11&": lowest in-stock price and best overall value.",$D11&" is the best value. "&$G11&" is cheaper by ₹"&TEXT($I11,"#,##0")&" but scores lower overall across the weighted factors."))) -> Amazon: lowest in-stock price and best overall value. | K11: =IF($A11="","",COUNTIF($C$5:$C$19,$C11)-1) -> 4 | L11: =IF(OR($A11="",$E11=""),"",$C11&"|"&$E11) -> Clothing|288
A12: 8 | B12: =IF($A12="","",INDEX(Products!$B$5:$B$60,MATCH($A12,Products!$A$5:$A$60,0))) -> Men's Cotton Round Neck T-Shirt | C12: =IF($A12="","",INDEX(Products!$C$5:$C$60,MATCH($A12,Products!$A$5:$A$60,0))) -> Clothing | D12: =IF($A12="","",IFERROR(INDEX(Products!$D$5:$D$60,MATCH($A12&"|1",Products!$U$5:$U$60,0)),"No in-stock listing")) -> Flipkart | E12: =IF(OR($A12="",$D12="No in-stock listing"),"",INDEX(Products!$E$5:$E$60,MATCH($A12&"|1",Products!$U$5:$U$60,0))) -> 400 | F12: =IF(OR($A12="",$D12="No in-stock listing"),"",INDEX(Products!$R$5:$R$60,MATCH($A12&"|1",Products!$U$5:$U$60,0))) -> 95.8 | G12: =IF(OR($A12="",$D12="No in-stock listing"),"",INDEX(Products!$D$5:$D$60,MATCH($A12&"|1",Products!$V$5:$V$60,0))) -> Flipkart | H12: =IF(OR($A12="",$D12="No in-stock listing"),"",INDEX(Products!$E$5:$E$60,MATCH($A12&"|1",Products!$V$5:$V$60,0))) -> 400 | I12: =IF($E12="","",$E12-$H12) -> 0 | J12: =IF($A12="","",IF($D12="No in-stock listing","No in-stock listing for this product.",IF(OR($D12=$G12,$I12=0),$D12&": lowest in-stock price and best overall value.",$D12&" is the best value. "&$G12&" is cheaper by ₹"&TEXT($I12,"#,##0")&" but scores lower overall across the weighted factors."))) -> Flipkart: lowest in-stock price and best overall value. | K12: =IF($A12="","",COUNTIF($C$5:$C$19,$C12)-1) -> 4 | L12: =IF(OR($A12="",$E12=""),"",$C12&"|"&$E12) -> Clothing|400
A13: 9 | B13: =IF($A13="","",INDEX(Products!$B$5:$B$60,MATCH($A13,Products!$A$5:$A$60,0))) -> Men's Running Sports Shoes | C13: =IF($A13="","",INDEX(Products!$C$5:$C$60,MATCH($A13,Products!$A$5:$A$60,0))) -> Footwear | D13: =IF($A13="","",IFERROR(INDEX(Products!$D$5:$D$60,MATCH($A13&"|1",Products!$U$5:$U$60,0)),"No in-stock listing")) -> Meesho | E13: =IF(OR($A13="",$D13="No in-stock listing"),"",INDEX(Products!$E$5:$E$60,MATCH($A13&"|1",Products!$U$5:$U$60,0))) -> 249 | F13: =IF(OR($A13="",$D13="No in-stock listing"),"",INDEX(Products!$R$5:$R$60,MATCH($A13&"|1",Products!$U$5:$U$60,0))) -> 92.2 | G13: =IF(OR($A13="",$D13="No in-stock listing"),"",INDEX(Products!$D$5:$D$60,MATCH($A13&"|1",Products!$V$5:$V$60,0))) -> Meesho | H13: =IF(OR($A13="",$D13="No in-stock listing"),"",INDEX(Products!$E$5:$E$60,MATCH($A13&"|1",Products!$V$5:$V$60,0))) -> 249 | I13: =IF($E13="","",$E13-$H13) -> 0 | J13: =IF($A13="","",IF($D13="No in-stock listing","No in-stock listing for this product.",IF(OR($D13=$G13,$I13=0),$D13&": lowest in-stock price and best overall value.",$D13&" is the best value. "&$G13&" is cheaper by ₹"&TEXT($I13,"#,##0")&" but scores lower overall across the weighted factors."))) -> Meesho: lowest in-stock price and best overall value. | K13: =IF($A13="","",COUNTIF($C$5:$C$19,$C13)-1) -> 1 | L13: =IF(OR($A13="",$E13=""),"",$C13&"|"&$E13) -> Footwear|249
A14: 10 | B14: =IF($A14="","",INDEX(Products!$B$5:$B$60,MATCH($A14,Products!$A$5:$A$60,0))) -> Women's Flat Sandals | C14: =IF($A14="","",INDEX(Products!$C$5:$C$60,MATCH($A14,Products!$A$5:$A$60,0))) -> Footwear | D14: =IF($A14="","",IFERROR(INDEX(Products!$D$5:$D$60,MATCH($A14&"|1",Products!$U$5:$U$60,0)),"No in-stock listing")) -> Meesho | E14: =IF(OR($A14="",$D14="No in-stock listing"),"",INDEX(Products!$E$5:$E$60,MATCH($A14&"|1",Products!$U$5:$U$60,0))) -> 150 | F14: =IF(OR($A14="",$D14="No in-stock listing"),"",INDEX(Products!$R$5:$R$60,MATCH($A14&"|1",Products!$U$5:$U$60,0))) -> 94 | G14: =IF(OR($A14="",$D14="No in-stock listing"),"",INDEX(Products!$D$5:$D$60,MATCH($A14&"|1",Products!$V$5:$V$60,0))) -> Meesho | H14: =IF(OR($A14="",$D14="No in-stock listing"),"",INDEX(Products!$E$5:$E$60,MATCH($A14&"|1",Products!$V$5:$V$60,0))) -> 150 | I14: =IF($E14="","",$E14-$H14) -> 0 | J14: =IF($A14="","",IF($D14="No in-stock listing","No in-stock listing for this product.",IF(OR($D14=$G14,$I14=0),$D14&": lowest in-stock price and best overall value.",$D14&" is the best value. "&$G14&" is cheaper by ₹"&TEXT($I14,"#,##0")&" but scores lower overall across the weighted factors."))) -> Meesho: lowest in-stock price and best overall value. | K14: =IF($A14="","",COUNTIF($C$5:$C$19,$C14)-1) -> 1 | L14: =IF(OR($A14="",$E14=""),"",$C14&"|"&$E14) -> Footwear|150
A15: 11 | B15: =IF($A15="","",INDEX(Products!$B$5:$B$60,MATCH($A15,Products!$A$5:$A$60,0))) -> Women's Analog Wrist Watch Metal Strap | C15: =IF($A15="","",INDEX(Products!$C$5:$C$60,MATCH($A15,Products!$A$5:$A$60,0))) -> Watches | D15: =IF($A15="","",IFERROR(INDEX(Products!$D$5:$D$60,MATCH($A15&"|1",Products!$U$5:$U$60,0)),"No in-stock listing")) -> Amazon | E15: =IF(OR($A15="",$D15="No in-stock listing"),"",INDEX(Products!$E$5:$E$60,MATCH($A15&"|1",Products!$U$5:$U$60,0))) -> 1995 | F15: =IF(OR($A15="",$D15="No in-stock listing"),"",INDEX(Products!$R$5:$R$60,MATCH($A15&"|1",Products!$U$5:$U$60,0))) -> 94.6 | G15: =IF(OR($A15="",$D15="No in-stock listing"),"",INDEX(Products!$D$5:$D$60,MATCH($A15&"|1",Products!$V$5:$V$60,0))) -> Amazon | H15: =IF(OR($A15="",$D15="No in-stock listing"),"",INDEX(Products!$E$5:$E$60,MATCH($A15&"|1",Products!$V$5:$V$60,0))) -> 1995 | I15: =IF($E15="","",$E15-$H15) -> 0 | J15: =IF($A15="","",IF($D15="No in-stock listing","No in-stock listing for this product.",IF(OR($D15=$G15,$I15=0),$D15&": lowest in-stock price and best overall value.",$D15&" is the best value. "&$G15&" is cheaper by ₹"&TEXT($I15,"#,##0")&" but scores lower overall across the weighted factors."))) -> Amazon: lowest in-stock price and best overall value. | K15: =IF($A15="","",COUNTIF($C$5:$C$19,$C15)-1) -> 1 | L15: =IF(OR($A15="",$E15=""),"",$C15&"|"&$E15) -> Watches|1995
A16: 12 | B16: =IF($A16="","",INDEX(Products!$B$5:$B$60,MATCH($A16,Products!$A$5:$A$60,0))) -> Men's Digital Sports Watch | C16: =IF($A16="","",INDEX(Products!$C$5:$C$60,MATCH($A16,Products!$A$5:$A$60,0))) -> Watches | D16: =IF($A16="","",IFERROR(INDEX(Products!$D$5:$D$60,MATCH($A16&"|1",Products!$U$5:$U$60,0)),"No in-stock listing")) -> Amazon | E16: =IF(OR($A16="",$D16="No in-stock listing"),"",INDEX(Products!$E$5:$E$60,MATCH($A16&"|1",Products!$U$5:$U$60,0))) -> 260 | F16: =IF(OR($A16="",$D16="No in-stock listing"),"",INDEX(Products!$R$5:$R$60,MATCH($A16&"|1",Products!$U$5:$U$60,0))) -> 71 | G16: =IF(OR($A16="",$D16="No in-stock listing"),"",INDEX(Products!$D$5:$D$60,MATCH($A16&"|1",Products!$V$5:$V$60,0))) -> Amazon | H16: =IF(OR($A16="",$D16="No in-stock listing"),"",INDEX(Products!$E$5:$E$60,MATCH($A16&"|1",Products!$V$5:$V$60,0))) -> 260 | I16: =IF($E16="","",$E16-$H16) -> 0 | J16: =IF($A16="","",IF($D16="No in-stock listing","No in-stock listing for this product.",IF(OR($D16=$G16,$I16=0),$D16&": lowest in-stock price and best overall value.",$D16&" is the best value. "&$G16&" is cheaper by ₹"&TEXT($I16,"#,##0")&" but scores lower overall across the weighted factors."))) -> Amazon: lowest in-stock price and best overall value. | K16: =IF($A16="","",COUNTIF($C$5:$C$19,$C16)-1) -> 1 | L16: =IF(OR($A16="",$E16=""),"",$C16&"|"&$E16) -> Watches|260
... A19: 15 | B19: =IF($A19="","",INDEX(Products!$B$5:$B$60,MATCH($A19,Products!$A$5:$A$60,0))) -> Kids Cycle | C19: =IF($A19="","",INDEX(Products!$C$5:$C$60,MATCH($A19,Products!$A$5:$A$60,0))) -> Kids | D19: =IF($A19="","",IFERROR(INDEX(Products!$D$5:$D$60,MATCH($A19&"|1",Products!$U$5:$U$60,0)),"No in-stock listing")) -> Meesho | E19: =IF(OR($A19="",$D19="No in-stock listing"),"",INDEX(Products!$E$5:$E$60,MATCH($A19&"|1",Products!$U$5:$U$60,0))) -> 700 | F19: =IF(OR($A19="",$D19="No in-stock listing"),"",INDEX(Products!$R$5:$R$60,MATCH($A19&"|1",Products!$U$5:$U$60,0))) -> 92.8 | G19: =IF(OR($A19="",$D19="No in-stock listing"),"",INDEX(Products!$D$5:$D$60,MATCH($A19&"|1",Products!$V$5:$V$60,0))) -> Meesho | H19: =IF(OR($A19="",$D19="No in-stock listing"),"",INDEX(Products!$E$5:$E$60,MATCH($A19&"|1",Products!$V$5:$V$60,0))) -> 700 | I19: =IF($E19="","",$E19-$H19) -> 0 | J19: =IF($A19="","",IF($D19="No in-stock listing","No in-stock listing for this product.",IF(OR($D19=$G19,$I19=0),$D19&": lowest in-stock price and best overall value.",$D19&" is the best value. "&$G19&" is cheaper by ₹"&TEXT($I19,"#,##0")&" but scores lower overall across the weighted factors."))) -> Meesho: lowest in-stock price and best overall value. | K19: =IF($A19="","",COUNTIF($C$5:$C$19,$C19)-1) -> 0 | L19: =IF(OR($A19="",$E19=""),"",$C19&"|"&$E19) -> Kids|700

Sheet Products
A1: PriceHub — Product Prices (similar products on Amazon, Flipkart, Meesho)
A2: Values you collected (prices.csv, dated 15-17 Oct 2026). Not live data. Items are similar products, not identical models.
A3: Blue = you edit. Black = formula. Green rows = best-value listing for that product (calculated, not stored).
A4: Product ID | B4: Product | C4: Category | D4: Marketplace | E4: Price (₹) | F4: Warranty (as collected) | G4: Rating (out of 5) | H4: In stock (Yes/No) | I4: Price date | J4: Delivery (days, optional) | K4: Product link | L4: Image link | M4: Warranty (months) | N4: Price score | O4: Rating score | P4: Warranty score | Q4: Delivery score | R4: Value score (0-100) | S4: Rank in product | T4: Price rank | U4: Helper: best key | V4: Helper: price key | W4: Helper: product|marketplace
A5: 1 | B5: Wireless Bluetooth Neckband Earphones | C5: Audio | D5: Amazon | E5: 379 | F5: 1 Year | G5: 3.7 | H5: Yes | I5: 46310 | K5: Open | L5: Image | M5: =IF($F5="","",IF(ISNUMBER(SEARCH("no warranty",$F5)),0,IF(ISNUMBER(SEARCH("year",$F5)),12*VALUE(LEFT($F5,FIND(" ",$F5)-1)),IF(ISNUMBER(SEARCH("month",$F5)),VALUE(LEFT($F5,FIND(" ",$F5)-1)),"")))) -> 12 | N5: =IF(OR($H5<>"Yes",$E5=""),"",IF(_xlfn.MAXIFS($E$5:$E$60,$A$5:$A$60,$A5,$H$5:$H$60,"Yes")=_xlfn.MINIFS($E$5:$E$60,$A$5:$A$60,$A5,$H$5:$H$60,"Yes"),1,(_xlfn.MAXIFS($E$5:$E$60,$A$5:$A$60,$A5,$H$5:$H$60,"Yes")-$E5)/(_xlfn.MAXIFS($E$5:$E$60,$A$5:$A$60,$A5,$H$5:$H$60,"Yes")-_xlfn.MINIFS($E$5:$E$60,$A$5:$A$60,$A5,$H$5:$H$60,"Yes")))) -> 0.76809453 | O5: =IF(OR($H5<>"Yes",$G5=""),"",IF(Weights!$B$10="Relative",IF(_xlfn.MAXIFS($G$5:$G$60,$A$5:$A$60,$A5,$H$5:$H$60,"Yes")=_xlfn.MINIFS($G$5:$G$60,$A$5:$A$60,$A5,$H$5:$H$60,"Yes"),1,($G5-_xlfn.MINIFS($G$5:$G$60,$A$5:$A$60,$A5,$H$5:$H$60,"Yes"))/(_xlfn.MAXIFS($G$5:$G$60,$A$5:$A$60,$A5,$H$5:$H$60,"Yes")-_xlfn.MINIFS($G$5:$G$60,$A$5:$A$60,$A5,$H$5:$H$60,"Yes"))),$G5/5)) -> 0.74 | P5: =IF(OR($H5<>"Yes",$M5=""),"",IF(_xlfn.MAXIFS($M$5:$M$60,$A$5:$A$60,$A5,$H$5:$H$60,"Yes")=_xlfn.MINIFS($M$5:$M$60,$A$5:$A$60,$A5,$H$5:$H$60,"Yes"),1,($M5-_xlfn.MINIFS($M$5:$M$60,$A$5:$A$60,$A5,$H$5:$H$60,"Yes"))/(_xlfn.MAXIFS($M$5:$M$60,$A$5:$A$60,$A5,$H$5:$H$60,"Yes")-_xlfn.MINIFS($M$5:$M$60,$A$5:$A$60,$A5,$H$5:$H$60,"Yes")))) -> 1 | Q5: =IF(OR($H5<>"Yes",$J5=""),"",IF(_xlfn.MAXIFS($J$5:$J$60,$A$5:$A$60,$A5,$H$5:$H$60,"Yes")=_xlfn.MINIFS($J$5:$J$60,$A$5:$A$60,$A5,$H$5:$H$60,"Yes"),1,(_xlfn.MAXIFS($J$5:$J$60,$A$5:$A$60,$A5,$H$5:$H$60,"Yes")-$J5)/(_xlfn.MAXIFS($J$5:$J$60,$A$5:$A$60,$A5,$H$5:$H$60,"Yes")-_xlfn.MINIFS($J$5:$J$60,$A$5:$A$60,$A5,$H$5:$H$60,"Yes")))) | R5: =IF($H5<>"Yes","",IFERROR(ROUND(100*(IF($N5="",0,Weights!$B$5*$N5)+IF($O5="",0,Weights!$B$6*$O5)+IF($P5="",0,Weights!$B$7*$P5)+IF($Q5="",0,Weights!$B$8*$Q5))/(IF($N5="",0,Weights!$B$5)+IF($O5="",0,Weights!$B$6)+IF($P5="",0,Weights!$B$7)+IF($Q5="",0,Weights!$B$8)),2),"")) -> 80.6 | S5: =IF($R5="","",COUNTIFS($A$5:$A$60,$A5,$R$5:$R$60,">"&$R5)+1) -> 1 | T5: =IF(OR($H5<>"Yes",$E5=""),"",COUNTIFS($A$5:$A$60,$A5,$H$5:$H$60,"Yes",$E$5:$E$60,"<"&$E5)+1) -> 2 | U5: =IF($S5="","",$A5&"|"&$S5) -> 1|1 | V5: =IF($T5="","",$A5&"|"&$T5) -> 1|2 | W5: =IF($B5="","",$B5&"|"&$D5) -> Wireless Bluetooth Neckband Earphones|Amazon
A6: 1 | B6: Wireless Bluetooth Neckband Earphones | C6: Audio | D6: Flipkart | E6: 899 | F6: 1 Year | G6: 4.2 | H6: Yes | I6: 46310 | K6: Open | L6: Image | M6: =IF($F6="","",IF(ISNUMBER(SEARCH("no warranty",$F6)),0,IF(ISNUMBER(SEARCH("year",$F6)),12*VALUE(LEFT($F6,FIND(" ",$F6)-1)),IF(ISNUMBER(SEARCH("month",$F6)),VALUE(LEFT($F6,FIND(" ",$F6)-1)),"")))) -> 12 | N6: =IF(OR($H6<>"Yes",$E6=""),"",IF(_xlfn.MAXIFS($E$5:$E$60,$A$5:$A$60,$A6,$H$5:$H$60,"Yes")=_xlfn.MINIFS($E$5:$E$60,$A$5:$A$60,$A6,$H$5:$H$60,"Yes"),1,(_xlfn.MAXIFS($E$5:$E$60,$A$5:$A$60,$A6,$H$5:$H$60,"Yes")-$E6)/(_xlfn.MAXIFS($E$5:$E$60,$A$5:$A$60,$A6,$H$5:$H$60,"Yes")-_xlfn.MINIFS($E$5:$E$60,$A$5:$A$60,$A6,$H$5:$H$60,"Yes")))) -> 0 | O6: =IF(OR($H6<>"Yes",$G6=""),"",IF(Weights!$B$10="Relative",IF(_xlfn.MAXIFS($G$5:$G$60,$A$5:$A$60,$A6,$H$5:$H$60,"Yes")=_xlfn.MINIFS($G$5:$G$60,$A$5:$A$60,$A6,$H$5:$H$60,"Yes"),1,($G6-_xlfn.MINIFS($G$5:$G$60,$A$5:$A$60,$A6,$H$5:$H$60,"Yes"))/(_xlfn.MAXIFS($G$5:$G$60,$A$5:$A$60,$A6,$H$5:$H$60,"Yes")-_xlfn.MINIFS($G$5:$G$60,$A$5:$A$60,$A6,$H$5:$H$60,"Yes"))),$G6/5)) -> 0.84 | P6: =IF(OR($H6<>"Yes",$M6=""),"",IF(_xlfn.MAXIFS($M$5:$M$60,$A$5:$A$60,$A6,$H$5:$H$60,"Yes")=_xlfn.MINIFS($M$5:$M$60,$A$5:$A$60,$A6,$H$5:$H$60,"Yes"),1,($M6-_xlfn.MINIFS($M$5:$M$60,$A$5:$A$60,$A6,$H$5:$H$60,"Yes"))/(_xlfn.MAXIFS($M$5:$M$60,$A$5:$A$60,$A6,$H$5:$H$60,"Yes")-_xlfn.MINIFS($M$5:$M$60,$A$5:$A$60,$A6,$H$5:$H$60,"Yes")))) -> 1 | Q6: =IF(OR($H6<>"Yes",$J6=""),"",IF(_xlfn.MAXIFS($J$5:$J$60,$A$5:$A$60,$A6,$H$5:$H$60,"Yes")=_xlfn.MINIFS($J$5:$J$60,$A$5:$A$60,$A6,$H$5:$H$60,"Yes"),1,(_xlfn.MAXIFS($J$5:$J$60,$A$5:$A$60,$A6,$H$5:$H$60,"Yes")-$J6)/(_xlfn.MAXIFS($J$5:$J$60,$A$5:$A$60,$A6,$H$5:$H$60,"Yes")-_xlfn.MINIFS($J$5:$J$60,$A$5:$A$60,$A6,$H$5:$H$60,"Yes")))) | R6: =IF($H6<>"Yes","",IFERROR(ROUND(100*(IF($N6="",0,Weights!$B$5*$N6)+IF($O6="",0,Weights!$B$6*$O6)+IF($P6="",0,Weights!$B$7*$P6)+IF($Q6="",0,Weights!$B$8*$Q6))/(IF($N6="",0,Weights!$B$5)+IF($O6="",0,Weights!$B$6)+IF($P6="",0,Weights!$B$7)+IF($Q6="",0,Weights!$B$8)),2),"")) -> 45.2 | S6: =IF($R6="","",COUNTIFS($A$5:$A$60,$A6,$R$5:$R$60,">"&$R6)+1) -> 3 | T6: =IF(OR($H6<>"Yes",$E6=""),"",COUNTIFS($A$5:$A$60,$A6,$H$5:$H$60,"Yes",$E$5:$E$60,"<"&$E6)+1) -> 3 | U6: =IF($S6="","",$A6&"|"&$S6) -> 1|3 | V6: =IF($T6="","",$A6&"|"&$T6) -> 1|3 | W6: =IF($B6="","",$B6&"|"&$D6) -> Wireless Bluetooth Neckband Earphones|Flipkart
A7: 1 | B7: Wireless Bluetooth Neckband Earphones | C7: Audio | D7: Meesho | E7: 222 | F7: No Warranty | G7: 3.9 | H7: Yes | I7: 46310 | K7: Open | L7: Image | M7: =IF($F7="","",IF(ISNUMBER(SEARCH("no warranty",$F7)),0,IF(ISNUMBER(SEARCH("year",$F7)),12*VALUE(LEFT($F7,FIND(" ",$F7)-1)),IF(ISNUMBER(SEARCH("month",$F7)),VALUE(LEFT($F7,FIND(" ",$F7)-1)),"")))) -> 0 | N7: =IF(OR($H7<>"Yes",$E7=""),"",IF(_xlfn.MAXIFS($E$5:$E$60,$A$5:$A$60,$A7,$H$5:$H$60,"Yes")=_xlfn.MINIFS($E$5:$E$60,$A$5:$A$60,$A7,$H$5:$H$60,"Yes"),1,(_xlfn.MAXIFS($E$5:$E$60,$A$5:$A$60,$A7,$H$5:$H$60,"Yes")-$E7)/(_xlfn.MAXIFS($E$5:$E$60,$A$5:$A$60,$A7,$H$5:$H$60,"Yes")-_xlfn.MINIFS($E$5:$E$60,$A$5:$A$60,$A7,$H$5:$H$60,"Yes")))) -> 1 | O7: =IF(OR($H7<>"Yes",$G7=""),"",IF(Weights!$B$10="Relative",IF(_xlfn.MAXIFS($G$5:$G$60,$A$5:$A$60,$A7,$H$5:$H$60,"Yes")=_xlfn.MINIFS($G$5:$G$60,$A$5:$A$60,$A7,$H$5:$H$60,"Yes"),1,($G7-_xlfn.MINIFS($G$5:$G$60,$A$5:$A$60,$A7,$H$5:$H$60,"Yes"))/(_xlfn.MAXIFS($G$5:$G$60,$A$5:$A$60,$A7,$H$5:$H$60,"Yes")-_xlfn.MINIFS($G$5:$G$60,$A$5:$A$60,$A7,$H$5:$H$60,"Yes"))),$G7/5)) -> 0.78 | P7: =IF(OR($H7<>"Yes",$M7=""),"",IF(_xlfn.MAXIFS($M$5:$M$60,$A$5:$A$60,$A7,$H$5:$H$60,"Yes")=_xlfn.MINIFS($M$5:$M$60,$A$5:$A$60,$A7,$H$5:$H$60,"Yes"),1,($M7-_xlfn.MINIFS($M$5:$M$60,$A$5:$A$60,$A7,$H$5:$H$60,"Yes"))/(_xlfn.MAXIFS($M$5:$M$60,$A$5:$A$60,$A7,$H$5:$H$60,"Yes")-_xlfn.MINIFS($M$5:$M$60,$A$5:$A$60,$A7,$H$5:$H$60,"Yes")))) -> 0 | Q7: =IF(OR($H7<>"Yes",$J7=""),"",IF(_xlfn.MAXIFS($J$5:$J$60,$A$5:$A$60,$A7,$H$5:$H$60,"Yes")=_xlfn.MINIFS($J$5:$J$60,$A$5:$A$60,$A7,$H$5:$H$60,"Yes"),1,(_xlfn.MAXIFS($J$5:$J$60,$A$5:$A$60,$A7,$H$5:$H$60,"Yes")-$J7)/(_xlfn.MAXIFS($J$5:$J$60,$A$5:$A$60,$A7,$H$5:$H$60,"Yes")-_xlfn.MINIFS($J$5:$J$60,$A$5:$A$60,$A7,$H$5:$H$60,"Yes")))) | R7: =IF($H7<>"Yes","",IFERROR(ROUND(100*(IF($N7="",0,Weights!$B$5*$N7)+IF($O7="",0,Weights!$B$6*$O7)+IF($P7="",0,Weights!$B$7*$P7)+IF($Q7="",0,Weights!$B$8*$Q7))/(IF($N7="",0,Weights!$B$5)+IF($O7="",0,Weights!$B$6)+IF($P7="",0,Weights!$B$7)+IF($Q7="",0,Weights!$B$8)),2),"")) -> 73.4 | S7: =IF($R7="","",COUNTIFS($A$5:$A$60,$A7,$R$5:$R$60,">"&$R7)+1) -> 2 | T7: =IF(OR($H7<>"Yes",$E7=""),"",COUNTIFS($A$5:$A$60,$A7,$H$5:$H$60,"Yes",$E$5:$E$60,"<"&$E7)+1) -> 1 | U7: =IF($S7="","",$A7&"|"&$S7) -> 1|2 | V7: =IF($T7="","",$A7&"|"&$T7) -> 1|1 | W7: =IF($B7="","",$B7&"|"&$D7) -> Wireless Bluetooth Neckband Earphones|Meesho
A8: 2 | B8: True Wireless Earbuds with Charging Case | C8: Audio | D8: Amazon | E8: 999 | F8: 1 Year | G8: 3.8 | H8: Yes | I8: 46310 | K8: Open | L8: Image | M8: =IF($F8="","",IF(ISNUMBER(SEARCH("no warranty",$F8)),0,IF(ISNUMBER(SEARCH("year",$F8)),12*VALUE(LEFT($F8,FIND(" ",$F8)-1)),IF(ISNUMBER(SEARCH("month",$F8)),VALUE(LEFT($F8,FIND(" ",$F8)-1)),"")))) -> 12 | N8: =IF(OR($H8<>"Yes",$E8=""),"",IF(_xlfn.MAXIFS($E$5:$E$60,$A$5:$A$60,$A8,$H$5:$H$60,"Yes")=_xlfn.MINIFS($E$5:$E$60,$A$5:$A$60,$A8,$H$5:$H$60,"Yes"),1,(_xlfn.MAXIFS($E$5:$E$60,$A$5:$A$60,$A8,$H$5:$H$60,"Yes")-$E8)/(_xlfn.MAXIFS($E$5:$E$60,$A$5:$A$60,$A8,$H$5:$H$60,"Yes")-_xlfn.MINIFS($E$5:$E$60,$A$5:$A$60,$A8,$H$5:$H$60,"Yes")))) -> 0 | O8: =IF(OR($H8<>"Yes",$G8=""),"",IF(Weights!$B$10="Relative",IF(_xlfn.MAXIFS($G$5:$G$60,$A$5:$A$60,$A8,$H$5:$H$60,"Yes")=_xlfn.MINIFS($G$5:$G$60,$A$5:$A$60,$A8,$H$5:$H$60,"Yes"),1,($G8-_xlfn.MINIFS($G$5:$G$60,$A$5:$A$60,$A8,$H$5:$H$60,"Yes"))/(_xlfn.MAXIFS($G$5:$G$60,$A$5:$A$60,$A8,$H$5:$H$60,"Yes")-_xlfn.MINIFS($G$5:$G$60,$A$5:$A$60,$A8,$H$5:$H$60,"Yes"))),$G8/5)) -> 0.76 | P8: =IF(OR($H8<>"Yes",$M8=""),"",IF(_xlfn.MAXIFS($M$5:$M$60,$A$5:$A$60,$A8,$H$5:$H$60,"Yes")=_xlfn.MINIFS($M$5:$M$60,$A$5:$A$60,$A8,$H$5:$H$60,"Yes"),1,($M8-_xlfn.MINIFS($M$5:$M$60,$A$5:$A$60,$A8,$H$5:$H$60,"Yes"))/(_xlfn.MAXIFS($M$5:$M$60,$A$5:$A$60,$A8,$H$5:$H$60,"Yes")-_xlfn.MINIFS($M$5:$M$60,$A$5:$A$60,$A8,$H$5:$H$60,"Yes")))) -> 1 | Q8: =IF(OR($H8<>"Yes",$J8=""),"",IF(_xlfn.MAXIFS($J$5:$J$60,$A$5:$A$60,$A8,$H$5:$H$60,"Yes")=_xlfn.MINIFS($J$5:$J$60,$A$5:$A$60,$A8,$H$5:$H$60,"Yes"),1,(_xlfn.MAXIFS($J$5:$J$60,$A$5:$A$60,$A8,$H$5:$H$60,"Yes")-$J8)/(_xlfn.MAXIFS($J$5:$J$60,$A$5:$A$60,$A8,$H$5:$H$60,"Yes")-_xlfn.MINIFS($J$5:$J$60,$A$5:$A$60,$A8,$H$5:$H$60,"Yes")))) | R8: =IF($H8<>"Yes","",IFERROR(ROUND(100*(IF($N8="",0,Weights!$B$5*$N8)+IF($O8="",0,Weights!$B$6*$O8)+IF($P8="",0,Weights!$B$7*$P8)+IF($Q8="",0,Weights!$B$8*$Q8))/(IF($N8="",0,Weights!$B$5)+IF($O8="",0,Weights!$B$6)+IF($P8="",0,Weights!$B$7)+IF($Q8="",0,Weights!$B$8)),2),"")) -> 42.8 | S8: =IF($R8="","",COUNTIFS($A$5:$A$60,$A8,$R$5:$R$60,">"&$R8)+1) -> 3 | T8: =IF(OR($H8<>"Yes",$E8=""),"",COUNTIFS($A$5:$A$60,$A8,$H$5:$H$60,"Yes",$E$5:$E$60,"<"&$E8)+1) -> 3 | U8: =IF($S8="","",$A8&"|"&$S8) -> 2|3 | V8: =IF($T8="","",$A8&"|"&$T8) -> 2|3 | W8: =IF($B8="","",$B8&"|"&$D8) -> True Wireless Earbuds with Charging Case|Amazon
A9: 2 | B9: True Wireless Earbuds with Charging Case | C9: Audio | D9: Flipkart | E9: 899 | F9: 1 Year | G9: 4.1 | H9: Yes | I9: 46310 | K9: Open | L9: Image | M9: =IF($F9="","",IF(ISNUMBER(SEARCH("no warranty",$F9)),0,IF(ISNUMBER(SEARCH("year",$F9)),12*VALUE(LEFT($F9,FIND(" ",$F9)-1)),IF(ISNUMBER(SEARCH("month",$F9)),VALUE(LEFT($F9,FIND(" ",$F9)-1)),"")))) -> 12 | N9: =IF(OR($H9<>"Yes",$E9=""),"",IF(_xlfn.MAXIFS($E$5:$E$60,$A$5:$A$60,$A9,$H$5:$H$60,"Yes")=_xlfn.MINIFS($E$5:$E$60,$A$5:$A$60,$A9,$H$5:$H$60,"Yes"),1,(_xlfn.MAXIFS($E$5:$E$60,$A$5:$A$60,$A9,$H$5:$H$60,"Yes")-$E9)/(_xlfn.MAXIFS($E$5:$E$60,$A$5:$A$60,$A9,$H$5:$H$60,"Yes")-_xlfn.MINIFS($E$5:$E$60,$A$5:$A$60,$A9,$H$5:$H$60,"Yes")))) -> 0.23923445 | O9: =IF(OR($H9<>"Yes",$G9=""),"",IF(Weights!$B$10="Relative",IF(_xlfn.MAXIFS($G$5:$G$60,$A$5:$A$60,$A9,$H$5:$H$60,"Yes")=_xlfn.MINIFS($G$5:$G$60,$A$5:$A$60,$A9,$H$5:$H$60,"Yes"),1,($G9-_xlfn.MINIFS($G$5:$G$60,$A$5:$A$60,$A9,$H$5:$H$60,"Yes"))/(_xlfn.MAXIFS($G$5:$G$60,$A$5:$A$60,$A9,$H$5:$H$60,"Yes")-_xlfn.MINIFS($G$5:$G$60,$A$5:$A$60,$A9,$H$5:$H$60,"Yes"))),$G9/5)) -> 0.82 | P9: =IF(OR($H9<>"Yes",$M9=""),"",IF(_xlfn.MAXIFS($M$5:$M$60,$A$5:$A$60,$A9,$H$5:$H$60,"Yes")=_xlfn.MINIFS($M$5:$M$60,$A$5:$A$60,$A9,$H$5:$H$60,"Yes"),1,($M9-_xlfn.MINIFS($M$5:$M$60,$A$5:$A$60,$A9,$H$5:$H$60,"Yes"))/(_xlfn.MAXIFS($M$5:$M$60,$A$5:$A$60,$A9,$H$5:$H$60,"Yes")-_xlfn.MINIFS($M$5:$M$60,$A$5:$A$60,$A9,$H$5:$H$60,"Yes")))) -> 1 | Q9: =IF(OR($H9<>"Yes",$J9=""),"",IF(_xlfn.MAXIFS($J$5:$J$60,$A$5:$A$60,$A9,$H$5:$H$60,"Yes")=_xlfn.MINIFS($J$5:$J$60,$A$5:$A$60,$A9,$H$5:$H$60,"Yes"),1,(_xlfn.MAXIFS($J$5:$J$60,$A$5:$A$60,$A9,$H$5:$H$60,"Yes")-$J9)/(_xlfn.MAXIFS($J$5:$J$60,$A$5:$A$60,$A9,$H$5:$H$60,"Yes")-_xlfn.MINIFS($J$5:$J$60,$A$5:$A$60,$A9,$H$5:$H$60,"Yes")))) | R9: =IF($H9<>"Yes","",IFERROR(ROUND(100*(IF($N9="",0,Weights!$B$5*$N9)+IF($O9="",0,Weights!$B$6*$O9)+IF($P9="",0,Weights!$B$7*$P9)+IF($Q9="",0,Weights!$B$8*$Q9))/(IF($N9="",0,Weights!$B$5)+IF($O9="",0,Weights!$B$6)+IF($P9="",0,Weights!$B$7)+IF($Q9="",0,Weights!$B$8)),2),"")) -> 56.56 | S9: =IF($R9="","",COUNTIFS($A$5:$A$60,$A9,$R$5:$R$60,">"&$R9)+1) -> 2 | T9: =IF(OR($H9<>"Yes",$E9=""),"",COUNTIFS($A$5:$A$60,$A9,$H$5:$H$60,"Yes",$E$5:$E$60,"<"&$E9)+1) -> 2 | U9: =IF($S9="","",$A9&"|"&$S9) -> 2|2 | V9: =IF($T9="","",$A9&"|"&$T9) -> 2|2 | W9: =IF($B9="","",$B9&"|"&$D9) -> True Wireless Earbuds with Charging Case|Flipkart
A10: 2 | B10: True Wireless Earbuds with Charging Case | C10: Audio | D10: Meesho | E10: 581 | F10: 1 Month | G10: 4.1 | H10: Yes | I10: 46310 | K10: Open | L10: Image | M10: =IF($F10="","",IF(ISNUMBER(SEARCH("no warranty",$F10)),0,IF(ISNUMBER(SEARCH("year",$F10)),12*VALUE(LEFT($F10,FIND(" ",$F10)-1)),IF(ISNUMBER(SEARCH("month",$F10)),VALUE(LEFT($F10,FIND(" ",$F10)-1)),"")))) -> 1 | N10: =IF(OR($H10<>"Yes",$E10=""),"",IF(_xlfn.MAXIFS($E$5:$E$60,$A$5:$A$60,$A10,$H$5:$H$60,"Yes")=_xlfn.MINIFS($E$5:$E$60,$A$5:$A$60,$A10,$H$5:$H$60,"Yes"),1,(_xlfn.MAXIFS($E$5:$E$60,$A$5:$A$60,$A10,$H$5:$H$60,"Yes")-$E10)/(_xlfn.MAXIFS($E$5:$E$60,$A$5:$A$60,$A10,$H$5:$H$60,"Yes")-_xlfn.MINIFS($E$5:$E$60,$A$5:$A$60,$A10,$H$5:$H$60,"Yes")))) -> 1 | O10: =IF(OR($H10<>"Yes",$G10=""),"",IF(Weights!$B$10="Relative",IF(_xlfn.MAXIFS($G$5:$G$60,$A$5:$A$60,$A10,$H$5:$H$60,"Yes")=_xlfn.MINIFS($G$5:$G$60,$A$5:$A$60,$A10,$H$5:$H$60,"Yes"),1,($G10-_xlfn.MINIFS($G$5:$G$60,$A$5:$A$60,$A10,$H$5:$H$60,"Yes"))/(_xlfn.MAXIFS($G$5:$G$60,$A$5:$A$60,$A10,$H$5:$H$60,"Yes")-_xlfn.MINIFS($G$5:$G$60,$A$5:$A$60,$A10,$H$5:$H$60,"Yes"))),$G10/5)) -> 0.82 | P10: =IF(OR($H10<>"Yes",$M10=""),"",IF(_xlfn.MAXIFS($M$5:$M$60,$A$5:$A$60,$A10,$H$5:$H$60,"Yes")=_xlfn.MINIFS($M$5:$M$60,$A$5:$A$60,$A10,$H$5:$H$60,"Yes"),1,($M10-_xlfn.MINIFS($M$5:$M$60,$A$5:$A$60,$A10,$H$5:$H$60,"Yes"))/(_xlfn.MAXIFS($M$5:$M$60,$A$5:$A$60,$A10,$H$5:$H$60,"Yes")-_xlfn.MINIFS($M$5:$M$60,$A$5:$A$60,$A10,$H$5:$H$60,"Yes")))) -> 0 | Q10: =IF(OR($H10<>"Yes",$J10=""),"",IF(_xlfn.MAXIFS($J$5:$J$60,$A$5:$A$60,$A10,$H$5:$H$60,"Yes")=_xlfn.MINIFS($J$5:$J$60,$A$5:$A$60,$A10,$H$5:$H$60,"Yes"),1,(_xlfn.MAXIFS($J$5:$J$60,$A$5:$A$60,$A10,$H$5:$H$60,"Yes")-$J10)/(_xlfn.MAXIFS($J$5:$J$60,$A$5:$A$60,$A10,$H$5:$H$60,"Yes")-_xlfn.MINIFS($J$5:$J$60,$A$5:$A$60,$A10,$H$5:$H$60,"Yes")))) | R10: =IF($H10<>"Yes","",IFERROR(ROUND(100*(IF($N10="",0,Weights!$B$5*$N10)+IF($O10="",0,Weights!$B$6*$O10)+IF($P10="",0,Weights!$B$7*$P10)+IF($Q10="",0,Weights!$B$8*$Q10))/(IF($N10="",0,Weights!$B$5)+IF($O10="",0,Weights!$B$6)+IF($P10="",0,Weights!$B$7)+IF($Q10="",0,Weights!$B$8)),2),"")) -> 74.6 | S10: =IF($R10="","",COUNTIFS($A$5:$A$60,$A10,$R$5:$R$60,">"&$R10)+1) -> 1 | T10: =IF(OR($H10<>"Yes",$E10=""),"",COUNTIFS($A$5:$A$60,$A10,$H$5:$H$60,"Yes",$E$5:$E$60,"<"&$E10)+1) -> 1 | U10: =IF($S10="","",$A10&"|"&$S10) -> 2|1 | V10: =IF($T10="","",$A10&"|"&$T10) -> 2|1 | W10: =IF($B10="","",$B10&"|"&$D10) -> True Wireless Earbuds with Charging Case|Meesho
A11: 3 | B11: Wired In-Ear Earphones with Mic | C11: Audio | D11: Amazon | E11: 94 | F11: 1 year | G11: 3.3 | H11: Yes | I11: 46310 | K11: Open | L11: Image | M11: =IF($F11="","",IF(ISNUMBER(SEARCH("no warranty",$F11)),0,IF(ISNUMBER(SEARCH("year",$F11)),12*VALUE(LEFT($F11,FIND(" ",$F11)-1)),IF(ISNUMBER(SEARCH("month",$F11)),VALUE(LEFT($F11,FIND(" ",$F11)-1)),"")))) -> 12 | N11: =IF(OR($H11<>"Yes",$E11=""),"",IF(_xlfn.MAXIFS($E$5:$E$60,$A$5:$A$60,$A11,$H$5:$H$60,"Yes")=_xlfn.MINIFS($E$5:$E$60,$A$5:$A$60,$A11,$H$5:$H$60,"Yes"),1,(_xlfn.MAXIFS($E$5:$E$60,$A$5:$A$60,$A11,$H$5:$H$60,"Yes")-$E11)/(_xlfn.MAXIFS($E$5:$E$60,$A$5:$A$60,$A11,$H$5:$H$60,"Yes")-_xlfn.MINIFS($E$5:$E$60,$A$5:$A$60,$A11,$H$5:$H$60,"Yes")))) -> 1 | O11: =IF(OR($H11<>"Yes",$G11=""),"",IF(Weights!$B$10="Relative",IF(_xlfn.MAXIFS($G$5:$G$60,$A$5:$A$60,$A11,$H$5:$H$60,"Yes")=_xlfn.MINIFS($G$5:$G$60,$A$5:$A$60,$A11,$H$5:$H$60,"Yes"),1,($G11-_xlfn.MINIFS($G$5:$G$60,$A$5:$A$60,$A11,$H$5:$H$60,"Yes"))/(_xlfn.MAXIFS($G$5:$G$60,$A$5:$A$60,$A11,$H$5:$H$60,"Yes")-_xlfn.MINIFS($G$5:$G$60,$A$5:$A$60,$A11,$H$5:$H$60,"Yes"))),$G11/5)) -> 0.66 | P11: =IF(OR($H11<>"Yes",$M11=""),"",IF(_xlfn.MAXIFS($M$5:$M$60,$A$5:$A$60,$A11,$H$5:$H$60,"Yes")=_xlfn.MINIFS($M$5:$M$60,$A$5:$A$60,$A11,$H$5:$H$60,"Yes"),1,($M11-_xlfn.MINIFS($M$5:$M$60,$A$5:$A$60,$A11,$H$5:$H$60,"Yes"))/(_xlfn.MAXIFS($M$5:$M$60,$A$5:$A$60,$A11,$H$5:$H$60,"Yes")-_xlfn.MINIFS($M$5:$M$60,$A$5:$A$60,$A11,$H$5:$H$60,"Yes")))) -> 1 | Q11: =IF(OR($H11<>"Yes",$J11=""),"",IF(_xlfn.MAXIFS($J$5:$J$60,$A$5:$A$60,$A11,$H$5:$H$60,"Yes")=_xlfn.MINIFS($J$5:$J$60,$A$5:$A$60,$A11,$H$5:$H$60,"Yes"),1,(_xlfn.MAXIFS($J$5:$J$60,$A$5:$A$60,$A11,$H$5:$H$60,"Yes")-$J11)/(_xlfn.MAXIFS($J$5:$J$60,$A$5:$A$60,$A11,$H$5:$H$60,"Yes")-_xlfn.MINIFS($J$5:$J$60,$A$5:$A$60,$A11,$H$5:$H$60,"Yes")))) | R11: =IF($H11<>"Yes","",IFERROR(ROUND(100*(IF($N11="",0,Weights!$B$5*$N11)+IF($O11="",0,Weights!$B$6*$O11)+IF($P11="",0,Weights!$B$7*$P11)+IF($Q11="",0,Weights!$B$8*$Q11))/(IF($N11="",0,Weights!$B$5)+IF($O11="",0,Weights!$B$6)+IF($P11="",0,Weights!$B$7)+IF($Q11="",0,Weights!$B$8)),2),"")) -> 89.8 | S11: =IF($R11="","",COUNTIFS($A$5:$A$60,$A11,$R$5:$R$60,">"&$R11)+1) -> 1 | T11: =IF(OR($H11<>"Yes",$E11=""),"",COUNTIFS($A$5:$A$60,$A11,$H$5:$H$60,"Yes",$E$5:$E$60,"<"&$E11)+1) -> 1 | U11: =IF($S11="","",$A11&"|"&$S11) -> 3|1 | V11: =IF($T11="","",$A11&"|"&$T11) -> 3|1 | W11: =IF($B11="","",$B11&"|"&$D11) -> Wired In-Ear Earphones with Mic|Amazon
A12: 3 | B12: Wired In-Ear Earphones with Mic | C12: Audio | D12: Flipkart | E12: 399 | F12: 1 year | G12: 4.2 | H12: Yes | I12: 46310 | K12: Open | L12: Image | M12: =IF($F12="","",IF(ISNUMBER(SEARCH("no warranty",$F12)),0,IF(ISNUMBER(SEARCH("year",$F12)),12*VALUE(LEFT($F12,FIND(" ",$F12)-1)),IF(ISNUMBER(SEARCH("month",$F12)),VALUE(LEFT($F12,FIND(" ",$F12)-1)),"")))) -> 12 | N12: =IF(OR($H12<>"Yes",$E12=""),"",IF(_xlfn.MAXIFS($E$5:$E$60,$A$5:$A$60,$A12,$H$5:$H$60,"Yes")=_xlfn.MINIFS($E$5:$E$60,$A$5:$A$60,$A12,$H$5:$H$60,"Yes"),1,(_xlfn.MAXIFS($E$5:$E$60,$A$5:$A$60,$A12,$H$5:$H$60,"Yes")-$E12)/(_xlfn.MAXIFS($E$5:$E$60,$A$5:$A$60,$A12,$H$5:$H$60,"Yes")-_xlfn.MINIFS($E$5:$E$60,$A$5:$A$60,$A12,$H$5:$H$60,"Yes")))) -> 0 | O12: =IF(OR($H12<>"Yes",$G12=""),"",IF(Weights!$B$10="Relative",IF(_xlfn.MAXIFS($G$5:$G$60,$A$5:$A$60,$A12,$H$5:$H$60,"Yes")=_xlfn.MINIFS($G$5:$G$60,$A$5:$A$60,$A12,$H$5:$H$60,"Yes"),1,($G12-_xlfn.MINIFS($G$5:$G$60,$A$5:$A$60,$A12,$H$5:$H$60,"Yes"))/(_xlfn.MAXIFS($G$5:$G$60,$A$5:$A$60,$A12,$H$5:$H$60,"Yes")-_xlfn.MINIFS($G$5:$G$60,$A$5:$A$60,$A12,$H$5:$H$60,"Yes"))),$G12/5)) -> 0.84 | P12: =IF(OR($H12<>"Yes",$M12=""),"",IF(_xlfn.MAXIFS($M$5:$M$60,$A$5:$A$60,$A12,$H$5:$H$60,"Yes")=_xlfn.MINIFS($M$5:$M$60,$A$5:$A$60,$A12,$H$5:$H$60,"Yes"),1,($M12-_xlfn.MINIFS($M$5:$M$60,$A$5:$A$60,$A12,$H$5:$H$60,"Yes"))/(_xlfn.MAXIFS($M$5:$M$60,$A$5:$A$60,$A12,$H$5:$H$60,"Yes")-_xlfn.MINIFS($M$5:$M$60,$A$5:$A$60,$A12,$H$5:$H$60,"Yes")))) -> 1 | Q12: =IF(OR($H12<>"Yes",$J12=""),"",IF(_xlfn.MAXIFS($J$5:$J$60,$A$5:$A$60,$A12,$H$5:$H$60,"Yes")=_xlfn.MINIFS($J$5:$J$60,$A$5:$A$60,$A12,$H$5:$H$60,"Yes"),1,(_xlfn.MAXIFS($J$5:$J$60,$A$5:$A$60,$A12,$H$5:$H$60,"Yes")-$J12)/(_xlfn.MAXIFS($J$5:$J$60,$A$5:$A$60,$A12,$H$5:$H$60,"Yes")-_xlfn.MINIFS($J$5:$J$60,$A$5:$A$60,$A12,$H$5:$H$60,"Yes")))) | R12: =IF($H12<>"Yes","",IFERROR(ROUND(100*(IF($N12="",0,Weights!$B$5*$N12)+IF($O12="",0,Weights!$B$6*$O12)+IF($P12="",0,Weights!$B$7*$P12)+IF($Q12="",0,Weights!$B$8*$Q12))/(IF($N12="",0,Weights!$B$5)+IF($O12="",0,Weights!$B$6)+IF($P12="",0,Weights!$B$7)+IF($Q12="",0,Weights!$B$8)),2),"")) -> 45.2 | S12: =IF($R12="","",COUNTIFS($A$5:$A$60,$A12,$R$5:$R$60,">"&$R12)+1) -> 3 | T12: =IF(OR($H12<>"Yes",$E12=""),"",COUNTIFS($A$5:$A$60,$A12,$H$5:$H$60,"Yes",$E$5:$E$60,"<"&$E12)+1) -> 3 | U12: =IF($S12="","",$A12&"|"&$S12) -> 3|3 | V12: =IF($T12="","",$A12&"|"&$T12) -> 3|3 | W12: =IF($B12="","",$B12&"|"&$D12) -> Wired In-Ear Earphones with Mic|Flipkart
A13: 3 | B13: Wired In-Ear Earphones with Mic | C13: Audio | D13: Meesho | E13: 123 | F13: 1 Month | G13: 3.8 | H13: Yes | I13: 46310 | K13: Open | L13: Image | M13: =IF($F13="","",IF(ISNUMBER(SEARCH("no warranty",$F13)),0,IF(ISNUMBER(SEARCH("year",$F13)),12*VALUE(LEFT($F13,FIND(" ",$F13)-1)),IF(ISNUMBER(SEARCH("month",$F13)),VALUE(LEFT($F13,FIND(" ",$F13)-1)),"")))) -> 1 | N13: =IF(OR($H13<>"Yes",$E13=""),"",IF(_xlfn.MAXIFS($E$5:$E$60,$A$5:$A$60,$A13,$H$5:$H$60,"Yes")=_xlfn.MINIFS($E$5:$E$60,$A$5:$A$60,$A13,$H$5:$H$60,"Yes"),1,(_xlfn.MAXIFS($E$5:$E$60,$A$5:$A$60,$A13,$H$5:$H$60,"Yes")-$E13)/(_xlfn.MAXIFS($E$5:$E$60,$A$5:$A$60,$A13,$H$5:$H$60,"Yes")-_xlfn.MINIFS($E$5:$E$60,$A$5:$A$60,$A13,$H$5:$H$60,"Yes")))) -> 0.90491803 | O13: =IF(OR($H13<>"Yes",$G13=""),"",IF(Weights!$B$10="Relative",IF(_xlfn.MAXIFS($G$5:$G$60,$A$5:$A$60,$A13,$H$5:$H$60,"Yes")=_xlfn.MINIFS($G$5:$G$60,$A$5:$A$60,$A13,$H$5:$H$60,"Yes"),1,($G13-_xlfn.MINIFS($G$5:$G$60,$A$5:$A$60,$A13,$H$5:$H$60,"Yes"))/(_xlfn.MAXIFS($G$5:$G$60,$A$5:$A$60,$A13,$H$5:$H$60,"Yes")-_xlfn.MINIFS($G$5:$G$60,$A$5:$A$60,$A13,$H$5:$H$60,"Yes"))),$G13/5)) -> 0.76 | P13: =IF(OR($H13<>"Yes",$M13=""),"",IF(_xlfn.MAXIFS($M$5:$M$60,$A$5:$A$60,$A13,$H$5:$H$60,"Yes")=_xlfn.MINIFS($M$5:$M$60,$A$5:$A$60,$A13,$H$5:$H$60,"Yes"),1,($M13-_xlfn.MINIFS($M$5:$M$60,$A$5:$A$60,$A13,$H$5:$H$60,"Yes"))/(_xlfn.MAXIFS($M$5:$M$60,$A$5:$A$60,$A13,$H$5:$H$60,"Yes")-_xlfn.MINIFS($M$5:$M$60,$A$5:$A$60,$A13,$H$5:$H$60,"Yes")))) -> 0 | Q13: =IF(OR($H13<>"Yes",$J13=""),"",IF(_xlfn.MAXIFS($J$5:$J$60,$A$5:$A$60,$A13,$H$5:$H$60,"Yes")=_xlfn.MINIFS($J$5:$J$60,$A$5:$A$60,$A13,$H$5:$H$60,"Yes"),1,(_xlfn.MAXIFS($J$5:$J$60,$A$5:$A$60,$A13,$H$5:$H$60,"Yes")-$J13)/(_xlfn.MAXIFS($J$5:$J$60,$A$5:$A$60,$A13,$H$5:$H$60,"Yes")-_xlfn.MINIFS($J$5:$J$60,$A$5:$A$60,$A13,$H$5:$H$60,"Yes")))) | R13: =IF($H13<>"Yes","",IFERROR(ROUND(100*(IF($N13="",0,Weights!$B$5*$N13)+IF($O13="",0,Weights!$B$6*$O13)+IF($P13="",0,Weights!$B$7*$P13)+IF($Q13="",0,Weights!$B$8*$Q13))/(IF($N13="",0,Weights!$B$5)+IF($O13="",0,Weights!$B$6)+IF($P13="",0,Weights!$B$7)+IF($Q13="",0,Weights!$B$8)),2),"")) -> 68.05 | S13: =IF($R13="","",COUNTIFS($A$5:$A$60,$A13,$R$5:$R$60,">"&$R13)+1) -> 2 | T13: =IF(OR($H13<>"Yes",$E13=""),"",COUNTIFS($A$5:$A$60,$A13,$H$5:$H$60,"Yes",$E$5:$E$60,"<"&$E13)+1) -> 2 | U13: =IF($S13="","",$A13&"|"&$S13) -> 3|2 | V13: =IF($T13="","",$A13&"|"&$T13) -> 3|2 | W13: =IF($B13="","",$B13&"|"&$D13) -> Wired In-Ear Earphones with Mic|Meesho
A14: 4 | B14: Women's Cotton Churidar Set | C14: Clothing | D14: Amazon | E14: 853 | F14: No Warranty | G14: 4.2 | H14: Yes | I14: 46310 | K14: Open | L14: Image | M14: =IF($F14="","",IF(ISNUMBER(SEARCH("no warranty",$F14)),0,IF(ISNUMBER(SEARCH("year",$F14)),12*VALUE(LEFT($F14,FIND(" ",$F14)-1)),IF(ISNUMBER(SEARCH("month",$F14)),VALUE(LEFT($F14,FIND(" ",$F14)-1)),"")))) -> 0 | N14: =IF(OR($H14<>"Yes",$E14=""),"",IF(_xlfn.MAXIFS($E$5:$E$60,$A$5:$A$60,$A14,$H$5:$H$60,"Yes")=_xlfn.MINIFS($E$5:$E$60,$A$5:$A$60,$A14,$H$5:$H$60,"Yes"),1,(_xlfn.MAXIFS($E$5:$E$60,$A$5:$A$60,$A14,$H$5:$H$60,"Yes")-$E14)/(_xlfn.MAXIFS($E$5:$E$60,$A$5:$A$60,$A14,$H$5:$H$60,"Yes")-_xlfn.MINIFS($E$5:$E$60,$A$5:$A$60,$A14,$H$5:$H$60,"Yes")))) -> 0 | O14: =IF(OR($H14<>"Yes",$G14=""),"",IF(Weights!$B$10="Relative",IF(_xlfn.MAXIFS($G$5:$G$60,$A$5:$A$60,$A14,$H$5:$H$60,"Yes")=_xlfn.MINIFS($G$5:$G$60,$A$5:$A$60,$A14,$H$5:$H$60,"Yes"),1,($G14-_xlfn.MINIFS($G$5:$G$60,$A$5:$A$60,$A14,$H$5:$H$60,"Yes"))/(_xlfn.MAXIFS($G$5:$G$60,$A$5:$A$60,$A14,$H$5:$H$60,"Yes")-_xlfn.MINIFS($G$5:$G$60,$A$5:$A$60,$A14,$H$5:$H$60,"Yes"))),$G14/5)) -> 0.84 | P14: =IF(OR($H14<>"Yes",$M14=""),"",IF(_xlfn.MAXIFS($M$5:$M$60,$A$5:$A$60,$A14,$H$5:$H$60,"Yes")=_xlfn.MINIFS($M$5:$M$60,$A$5:$A$60,$A14,$H$5:$H$60,"Yes"),1,($M14-_xlfn.MINIFS($M$5:$M$60,$A$5:$A$60,$A14,$H$5:$H$60,"Yes"))/(_xlfn.MAXIFS($M$5:$M$60,$A$5:$A$60,$A14,$H$5:$H$60,"Yes")-_xlfn.MINIFS($M$5:$M$60,$A$5:$A$60,$A14,$H$5:$H$60,"Yes")))) -> 1 | Q14: =IF(OR($H14<>"Yes",$J14=""),"",IF(_xlfn.MAXIFS($J$5:$J$60,$A$5:$A$60,$A14,$H$5:$H$60,"Yes")=_xlfn.MINIFS($J$5:$J$60,$A$5:$A$60,$A14,$H$5:$H$60,"Yes"),1,(_xlfn.MAXIFS($J$5:$J$60,$A$5:$A$60,$A14,$H$5:$H$60,"Yes")-$J14)/(_xlfn.MAXIFS($J$5:$J$60,$A$5:$A$60,$A14,$H$5:$H$60,"Yes")-_xlfn.MINIFS($J$5:$J$60,$A$5:$A$60,$A14,$H$5:$H$60,"Yes")))) | R14: =IF($H14<>"Yes","",IFERROR(ROUND(100*(IF($N14="",0,Weights!$B$5*$N14)+IF($O14="",0,Weights!$B$6*$O14)+IF($P14="",0,Weights!$B$7*$P14)+IF($Q14="",0,Weights!$B$8*$Q14))/(IF($N14="",0,Weights!$B$5)+IF($O14="",0,Weights!$B$6)+IF($P14="",0,Weights!$B$7)+IF($Q14="",0,Weights!$B$8)),2),"")) -> 45.2 | S14: =IF($R14="","",COUNTIFS($A$5:$A$60,$A14,$R$5:$R$60,">"&$R14)+1) -> 3 | T14: =IF(OR($H14<>"Yes",$E14=""),"",COUNTIFS($A$5:$A$60,$A14,$H$5:$H$60,"Yes",$E$5:$E$60,"<"&$E14)+1) -> 3 | U14: =IF($S14="","",$A14&"|"&$S14) -> 4|3 | V14: =IF($T14="","",$A14&"|"&$T14) -> 4|3 | W14: =IF($B14="","",$B14&"|"&$D14) -> Women's Cotton Churidar Set|Amazon
A15: 4 | B15: Women's Cotton Churidar Set | C15: Clothing | D15: Flipkart | E15: 410 | F15: No Warranty | G15: 4 | H15: Yes | I15: 46310 | K15: Open | M15: =IF($F15="","",IF(ISNUMBER(SEARCH("no warranty",$F15)),0,IF(ISNUMBER(SEARCH("year",$F15)),12*VALUE(LEFT($F15,FIND(" ",$F15)-1)),IF(ISNUMBER(SEARCH("month",$F15)),VALUE(LEFT($F15,FIND(" ",$F15)-1)),"")))) -> 0 | N15: =IF(OR($H15<>"Yes",$E15=""),"",IF(_xlfn.MAXIFS($E$5:$E$60,$A$5:$A$60,$A15,$H$5:$H$60,"Yes")=_xlfn.MINIFS($E$5:$E$60,$A$5:$A$60,$A15,$H$5:$H$60,"Yes"),1,(_xlfn.MAXIFS($E$5:$E$60,$A$5:$A$60,$A15,$H$5:$H$60,"Yes")-$E15)/(_xlfn.MAXIFS($E$5:$E$60,$A$5:$A$60,$A15,$H$5:$H$60,"Yes")-_xlfn.MINIFS($E$5:$E$60,$A$5:$A$60,$A15,$H$5:$H$60,"Yes")))) -> 0.92872117 | O15: =IF(OR($H15<>"Yes",$G15=""),"",IF(Weights!$B$10="Relative",IF(_xlfn.MAXIFS($G$5:$G$60,$A$5:$A$60,$A15,$H$5:$H$60,"Yes")=_xlfn.MINIFS($G$5:$G$60,$A$5:$A$60,$A15,$H$5:$H$60,"Yes"),1,($G15-_xlfn.MINIFS($G$5:$G$60,$A$5:$A$60,$A15,$H$5:$H$60,"Yes"))/(_xlfn.MAXIFS($G$5:$G$60,$A$5:$A$60,$A15,$H$5:$H$60,"Yes")-_xlfn.MINIFS($G$5:$G$60,$A$5:$A$60,$A15,$H$5:$H$60,"Yes"))),$G15/5)) -> 0.8 | P15: =IF(OR($H15<>"Yes",$M15=""),"",IF(_xlfn.MAXIFS($M$5:$M$60,$A$5:$A$60,$A15,$H$5:$H$60,"Yes")=_xlfn.MINIFS($M$5:$M$60,$A$5:$A$60,$A15,$H$5:$H$60,"Yes"),1,($M15-_xlfn.MINIFS($M$5:$M$60,$A$5:$A$60,$A15,$H$5:$H$60,"Yes"))/(_xlfn.MAXIFS($M$5:$M$60,$A$5:$A$60,$A15,$H$5:$H$60,"Yes")-_xlfn.MINIFS($M$5:$M$60,$A$5:$A$60,$A15,$H$5:$H$60,"Yes")))) -> 1 | Q15: =IF(OR($H15<>"Yes",$J15=""),"",IF(_xlfn.MAXIFS($J$5:$J$60,$A$5:$A$60,$A15,$H$5:$H$60,"Yes")=_xlfn.MINIFS($J$5:$J$60,$A$5:$A$60,$A15,$H$5:$H$60,"Yes"),1,(_xlfn.MAXIFS($J$5:$J$60,$A$5:$A$60,$A15,$H$5:$H$60,"Yes")-$J15)/(_xlfn.MAXIFS($J$5:$J$60,$A$5:$A$60,$A15,$H$5:$H$60,"Yes")-_xlfn.MINIFS($J$5:$J$60,$A$5:$A$60,$A15,$H$5:$H$60,"Yes")))) | R15: =IF($H15<>"Yes","",IFERROR(ROUND(100*(IF($N15="",0,Weights!$B$5*$N15)+IF($O15="",0,Weights!$B$6*$O15)+IF($P15="",0,Weights!$B$7*$P15)+IF($Q15="",0,Weights!$B$8*$Q15))/(IF($N15="",0,Weights!$B$5)+IF($O15="",0,Weights!$B$6)+IF($P15="",0,Weights!$B$7)+IF($Q15="",0,Weights!$B$8)),2),"")) -> 90.44 | S15: =IF($R15="","",COUNTIFS($A$5:$A$60,$A15,$R$5:$R$60,">"&$R15)+1) -> 2 | T15: =IF(OR($H15<>"Yes",$E15=""),"",COUNTIFS($A$5:$A$60,$A15,$H$5:$H$60,"Yes",$E$5:$E$60,"<"&$E15)+1) -> 2 | U15: =IF($S15="","",$A15&"|"&$S15) -> 4|2 | V15: =IF($T15="","",$A15&"|"&$T15) -> 4|2 | W15: =IF($B15="","",$B15&"|"&$D15) -> Women's Cotton Churidar Set|Flipkart
A16: 4 | B16: Women's Cotton Churidar Set | C16: Clothing | D16: Meesho | E16: 376 | F16: No Warranty | G16: 4.5 | H16: Yes | I16: 46310 | K16: Open | L16: Image | M16: =IF($F16="","",IF(ISNUMBER(SEARCH("no warranty",$F16)),0,IF(ISNUMBER(SEARCH("year",$F16)),12*VALUE(LEFT($F16,FIND(" ",$F16)-1)),IF(ISNUMBER(SEARCH("month",$F16)),VALUE(LEFT($F16,FIND(" ",$F16)-1)),"")))) -> 0 | N16: =IF(OR($H16<>"Yes",$E16=""),"",IF(_xlfn.MAXIFS($E$5:$E$60,$A$5:$A$60,$A16,$H$5:$H$60,"Yes")=_xlfn.MINIFS($E$5:$E$60,$A$5:$A$60,$A16,$H$5:$H$60,"Yes"),1,(_xlfn.MAXIFS($E$5:$E$60,$A$5:$A$60,$A16,$H$5:$H$60,"Yes")-$E16)/(_xlfn.MAXIFS($E$5:$E$60,$A$5:$A$60,$A16,$H$5:$H$60,"Yes")-_xlfn.MINIFS($E$5:$E$60,$A$5:$A$60,$A16,$H$5:$H$60,"Yes")))) -> 1 | O16: =IF(OR($H16<>"Yes",$G16=""),"",IF(Weights!$B$10="Relative",IF(_xlfn.MAXIFS($G$5:$G$60,$A$5:$A$60,$A16,$H$5:$H$60,"Yes")=_xlfn.MINIFS($G$5:$G$60,$A$5:$A$60,$A16,$H$5:$H$60,"Yes"),1,($G16-_xlfn.MINIFS($G$5:$G$60,$A$5:$A$60,$A16,$H$5:$H$60,"Yes"))/(_xlfn.MAXIFS($G$5:$G$60,$A$5:$A$60,$A16,$H$5:$H$60,"Yes")-_xlfn.MINIFS($G$5:$G$60,$A$5:$A$60,$A16,$H$5:$H$60,"Yes"))),$G16/5)) -> 0.9 | P16: =IF(OR($H16<>"Yes",$M16=""),"",IF(_xlfn.MAXIFS($M$5:$M$60,$A$5:$A$60,$A16,$H$5:$H$60,"Yes")=_xlfn.MINIFS($M$5:$M$60,$A$5:$A$60,$A16,$H$5:$H$60,"Yes"),1,($M16-_xlfn.MINIFS($M$5:$M$60,$A$5:$A$60,$A16,$H$5:$H$60,"Yes"))/(_xlfn.MAXIFS($M$5:$M$60,$A$5:$A$60,$A16,$H$5:$H$60,"Yes")-_xlfn.MINIFS($M$5:$M$60,$A$5:$A$60,$A16,$H$5:$H$60,"Yes")))) -> 1 | Q16: =IF(OR($H16<>"Yes",$J16=""),"",IF(_xlfn.MAXIFS($J$5:$J$60,$A$5:$A$60,$A16,$H$5:$H$60,"Yes")=_xlfn.MINIFS($J$5:$J$60,$A$5:$A$60,$A16,$H$5:$H$60,"Yes"),1,(_xlfn.MAXIFS($J$5:$J$60,$A$5:$A$60,$A16,$H$5:$H$60,"Yes")-$J16)/(_xlfn.MAXIFS($J$5:$J$60,$A$5:$A$60,$A16,$H$5:$H$60,"Yes")-_xlfn.MINIFS($J$5:$J$60,$A$5:$A$60,$A16,$H$5:$H$60,"Yes")))) | R16: =IF($H16<>"Yes","",IFERROR(ROUND(100*(IF($N16="",0,Weights!$B$5*$N16)+IF($O16="",0,Weights!$B$6*$O16)+IF($P16="",0,Weights!$B$7*$P16)+IF($Q16="",0,Weights!$B$8*$Q16))/(IF($N16="",0,Weights!$B$5)+IF($O16="",0,Weights!$B$6)+IF($P16="",0,Weights!$B$7)+IF($Q16="",0,Weights!$B$8)),2),"")) -> 97 | S16: =IF($R16="","",COUNTIFS($A$5:$A$60,$A16,$R$5:$R$60,">"&$R16)+1) -> 1 | T16: =IF(OR($H16<>"Yes",$E16=""),"",COUNTIFS($A$5:$A$60,$A16,$H$5:$H$60,"Yes",$E$5:$E$60,"<"&$E16)+1) -> 1 | U16: =IF($S16="","",$A16&"|"&$S16) -> 4|1 | V16: =IF($T16="","",$A16&"|"&$T16) -> 4|1 | W16: =IF($B16="","",$B16&"|"&$D16) -> Women's Cotton Churidar Set|Meesho
A17: 5 | B17: Girls Cotton Party Frock | C17: Clothing | D17: Amazon | E17: 659 | F17: No Warranty | G17: 3.6 | H17: Yes | I17: 46310 | K17: Open | L17: Image | M17: =IF($F17="","",IF(ISNUMBER(SEARCH("no warranty",$F17)),0,IF(ISNUMBER(SEARCH("year",$F17)),12*VALUE(LEFT($F17,FIND(" ",$F17)-1)),IF(ISNUMBER(SEARCH("month",$F17)),VALUE(LEFT($F17,FIND(" ",$F17)-1)),"")))) -> 0 | N17: =IF(OR($H17<>"Yes",$E17=""),"",IF(_xlfn.MAXIFS($E$5:$E$60,$A$5:$A$60,$A17,$H$5:$H$60,"Yes")=_xlfn.MINIFS($E$5:$E$60,$A$5:$A$60,$A17,$H$5:$H$60,"Yes"),1,(_xlfn.MAXIFS($E$5:$E$60,$A$5:$A$60,$A17,$H$5:$H$60,"Yes")-$E17)/(_xlfn.MAXIFS($E$5:$E$60,$A$5:$A$60,$A17,$H$5:$H$60,"Yes")-_xlfn.MINIFS($E$5:$E$60,$A$5:$A$60,$A17,$H$5:$H$60,"Yes")))) -> 0 | O17: =IF(OR($H17<>"Yes",$G17=""),"",IF(Weights!$B$10="Relative",IF(_xlfn.MAXIFS($G$5:$G$60,$A$5:$A$60,$A17,$H$5:$H$60,"Yes")=_xlfn.MINIFS($G$5:$G$60,$A$5:$A$60,$A17,$H$5:$H$60,"Yes"),1,($G17-_xlfn.MINIFS($G$5:$G$60,$A$5:$A$60,$A17,$H$5:$H$60,"Yes"))/(_xlfn.MAXIFS($G$5:$G$60,$A$5:$A$60,$A17,$H$5:$H$60,"Yes")-_xlfn.MINIFS($G$5:$G$60,$A$5:$A$60,$A17,$H$5:$H$60,"Yes"))),$G17/5)) -> 0.72 | P17: =IF(OR($H17<>"Yes",$M17=""),"",IF(_xlfn.MAXIFS($M$5:$M$60,$A$5:$A$60,$A17,$H$5:$H$60,"Yes")=_xlfn.MINIFS($M$5:$M$60,$A$5:$A$60,$A17,$H$5:$H$60,"Yes"),1,($M17-_xlfn.MINIFS($M$5:$M$60,$A$5:$A$60,$A17,$H$5:$H$60,"Yes"))/(_xlfn.MAXIFS($M$5:$M$60,$A$5:$A$60,$A17,$H$5:$H$60,"Yes")-_xlfn.MINIFS($M$5:$M$60,$A$5:$A$60,$A17,$H$5:$H$60,"Yes")))) -> 1 | Q17: =IF(OR($H17<>"Yes",$J17=""),"",IF(_xlfn.MAXIFS($J$5:$J$60,$A$5:$A$60,$A17,$H$5:$H$60,"Yes")=_xlfn.MINIFS($J$5:$J$60,$A$5:$A$60,$A17,$H$5:$H$60,"Yes"),1,(_xlfn.MAXIFS($J$5:$J$60,$A$5:$A$60,$A17,$H$5:$H$60,"Yes")-$J17)/(_xlfn.MAXIFS($J$5:$J$60,$A$5:$A$60,$A17,$H$5:$H$60,"Yes")-_xlfn.MINIFS($J$5:$J$60,$A$5:$A$60,$A17,$H$5:$H$60,"Yes")))) | R17: =IF($H17<>"Yes","",IFERROR(ROUND(100*(IF($N17="",0,Weights!$B$5*$N17)+IF($O17="",0,Weights!$B$6*$O17)+IF($P17="",0,Weights!$B$7*$P17)+IF($Q17="",0,Weights!$B$8*$Q17))/(IF($N17="",0,Weights!$B$5)+IF($O17="",0,Weights!$B$6)+IF($P17="",0,Weights!$B$7)+IF($Q17="",0,Weights!$B$8)),2),"")) -> 41.6 | S17: =IF($R17="","",COUNTIFS($A$5:$A$60,$A17,$R$5:$R$60,">"&$R17)+1) -> 3 | T17: =IF(OR($H17<>"Yes",$E17=""),"",COUNTIFS($A$5:$A$60,$A17,$H$5:$H$60,"Yes",$E$5:$E$60,"<"&$E17)+1) -> 3 | U17: =IF($S17="","",$A17&"|"&$S17) -> 5|3 | V17: =IF($T17="","",$A17&"|"&$T17) -> 5|3 | W17: =IF($B17="","",$B17&"|"&$D17) -> Girls Cotton Party Frock|Amazon
A18: 5 | B18: Girls Cotton Party Frock | C18: Clothing | D18: Flipkart | E18: 314 | F18: No Warranty | G18: 3.9 | H18: Yes | I18: 46310 | K18: Open | L18: Image | M18: =IF($F18="","",IF(ISNUMBER(SEARCH("no warranty",$F18)),0,IF(ISNUMBER(SEARCH("year",$F18)),12*VALUE(LEFT($F18,FIND(" ",$F18)-1)),IF(ISNUMBER(SEARCH("month",$F18)),VALUE(LEFT($F18,FIND(" ",$F18)-1)),"")))) -> 0 | N18: =IF(OR($H18<>"Yes",$E18=""),"",IF(_xlfn.MAXIFS($E$5:$E$60,$A$5:$A$60,$A18,$H$5:$H$60,"Yes")=_xlfn.MINIFS($E$5:$E$60,$A$5:$A$60,$A18,$H$5:$H$60,"Yes"),1,(_xlfn.MAXIFS($E$5:$E$60,$A$5:$A$60,$A18,$H$5:$H$60,"Yes")-$E18)/(_xlfn.MAXIFS($E$5:$E$60,$A$5:$A$60,$A18,$H$5:$H$60,"Yes")-_xlfn.MINIFS($E$5:$E$60,$A$5:$A$60,$A18,$H$5:$H$60,"Yes")))) -> 0.83737864 | O18: =IF(OR($H18<>"Yes",$G18=""),"",IF(Weights!$B$10="Relative",IF(_xlfn.MAXIFS($G$5:$G$60,$A$5:$A$60,$A18,$H$5:$H$60,"Yes")=_xlfn.MINIFS($G$5:$G$60,$A$5:$A$60,$A18,$H$5:$H$60,"Yes"),1,($G18-_xlfn.MINIFS($G$5:$G$60,$A$5:$A$60,$A18,$H$5:$H$60,"Yes"))/(_xlfn.MAXIFS($G$5:$G$60,$A$5:$A$60,$A18,$H$5:$H$60,"Yes")-_xlfn.MINIFS($G$5:$G$60,$A$5:$A$60,$A18,$H$5:$H$60,"Yes"))),$G18/5)) -> 0.78 | P18: =IF(OR($H18<>"Yes",$M18=""),"",IF(_xlfn.MAXIFS($M$5:$M$60,$A$5:$A$60,$A18,$H$5:$H$60,"Yes")=_xlfn.MINIFS($M$5:$M$60,$A$5:$A$60,$A18,$H$5:$H$60,"Yes"),1,($M18-_xlfn.MINIFS($M$5:$M$60,$A$5:$A$60,$A18,$H$5:$H$60,"Yes"))/(_xlfn.MAXIFS($M$5:$M$60,$A$5:$A$60,$A18,$H$5:$H$60,"Yes")-_xlfn.MINIFS($M$5:$M$60,$A$5:$A$60,$A18,$H$5:$H$60,"Yes")))) -> 1 | Q18: =IF(OR($H18<>"Yes",$J18=""),"",IF(_xlfn.MAXIFS($J$5:$J$60,$A$5:$A$60,$A18,$H$5:$H$60,"Yes")=_xlfn.MINIFS($J$5:$J$60,$A$5:$A$60,$A18,$H$5:$H$60,"Yes"),1,(_xlfn.MAXIFS($J$5:$J$60,$A$5:$A$60,$A18,$H$5:$H$60,"Yes")-$J18)/(_xlfn.MAXIFS($J$5:$J$60,$A$5:$A$60,$A18,$H$5:$H$60,"Yes")-_xlfn.MINIFS($J$5:$J$60,$A$5:$A$60,$A18,$H$5:$H$60,"Yes")))) | R18: =IF($H18<>"Yes","",IFERROR(ROUND(100*(IF($N18="",0,Weights!$B$5*$N18)+IF($O18="",0,Weights!$B$6*$O18)+IF($P18="",0,Weights!$B$7*$P18)+IF($Q18="",0,Weights!$B$8*$Q18))/(IF($N18="",0,Weights!$B$5)+IF($O18="",0,Weights!$B$6)+IF($P18="",0,Weights!$B$7)+IF($Q18="",0,Weights!$B$8)),2),"")) -> 85.27 | S18: =IF($R18="","",COUNTIFS($A$5:$A$60,$A18,$R$5:$R$60,">"&$R18)+1) -> 2 | T18: =IF(OR($H18<>"Yes",$E18=""),"",COUNTIFS($A$5:$A$60,$A18,$H$5:$H$60,"Yes",$E$5:$E$60,"<"&$E18)+1) -> 2 | U18: =IF($S18="","",$A18&"|"&$S18) -> 5|2 | V18: =IF($T18="","",$A18&"|"&$T18) -> 5|2 | W18: =IF($B18="","",$B18&"|"&$D18) -> Girls Cotton Party Frock|Flipkart
A19: 5 | B19: Girls Cotton Party Frock | C19: Clothing | D19: Meesho | E19: 247 | F19: No Warranty | G19: 4.5 | H19: Yes | I19: 46310 | K19: Open | L19: Image | M19: =IF($F19="","",IF(ISNUMBER(SEARCH("no warranty",$F19)),0,IF(ISNUMBER(SEARCH("year",$F19)),12*VALUE(LEFT($F19,FIND(" ",$F19)-1)),IF(ISNUMBER(SEARCH("month",$F19)),VALUE(LEFT($F19,FIND(" ",$F19)-1)),"")))) -> 0 | N19: =IF(OR($H19<>"Yes",$E19=""),"",IF(_xlfn.MAXIFS($E$5:$E$60,$A$5:$A$60,$A19,$H$5:$H$60,"Yes")=_xlfn.MINIFS($E$5:$E$60,$A$5:$A$60,$A19,$H$5:$H$60,"Yes"),1,(_xlfn.MAXIFS($E$5:$E$60,$A$5:$A$60,$A19,$H$5:$H$60,"Yes")-$E19)/(_xlfn.MAXIFS($E$5:$E$60,$A$5:$A$60,$A19,$H$5:$H$60,"Yes")-_xlfn.MINIFS($E$5:$E$60,$A$5:$A$60,$A19,$H$5:$H$60,"Yes")))) -> 1 | O19: =IF(OR($H19<>"Yes",$G19=""),"",IF(Weights!$B$10="Relative",IF(_xlfn.MAXIFS($G$5:$G$60,$A$5:$A$60,$A19,$H$5:$H$60,"Yes")=_xlfn.MINIFS($G$5:$G$60,$A$5:$A$60,$A19,$H$5:$H$60,"Yes"),1,($G19-_xlfn.MINIFS($G$5:$G$60,$A$5:$A$60,$A19,$H$5:$H$60,"Yes"))/(_xlfn.MAXIFS($G$5:$G$60,$A$5:$A$60,$A19,$H$5:$H$60,"Yes")-_xlfn.MINIFS($G$5:$G$60,$A$5:$A$60,$A19,$H$5:$H$60,"Yes"))),$G19/5)) -> 0.9 | P19: =IF(OR($H19<>"Yes",$M19=""),"",IF(_xlfn.MAXIFS($M$5:$M$60,$A$5:$A$60,$A19,$H$5:$H$60,"Yes")=_xlfn.MINIFS($M$5:$M$60,$A$5:$A$60,$A19,$H$5:$H$60,"Yes"),1,($M19-_xlfn.MINIFS($M$5:$M$60,$A$5:$A$60,$A19,$H$5:$H$60,"Yes"))/(_xlfn.MAXIFS($M$5:$M$60,$A$5:$A$60,$A19,$H$5:$H$60,"Yes")-_xlfn.MINIFS($M$5:$M$60,$A$5:$A$60,$A19,$H$5:$H$60,"Yes")))) -> 1 | Q19: =IF(OR($H19<>"Yes",$J19=""),"",IF(_xlfn.MAXIFS($J$5:$J$60,$A$5:$A$60,$A19,$H$5:$H$60,"Yes")=_xlfn.MINIFS($J$5:$J$60,$A$5:$A$60,$A19,$H$5:$H$60,"Yes"),1,(_xlfn.MAXIFS($J$5:$J$60,$A$5:$A$60,$A19,$H$5:$H$60,"Yes")-$J19)/(_xlfn.MAXIFS($J$5:$J$60,$A$5:$A$60,$A19,$H$5:$H$60,"Yes")-_xlfn.MINIFS($J$5:$J$60,$A$5:$A$60,$A19,$H$5:$H$60,"Yes")))) | R19: =IF($H19<>"Yes","",IFERROR(ROUND(100*(IF($N19="",0,Weights!$B$5*$N19)+IF($O19="",0,Weights!$B$6*$O19)+IF($P19="",0,Weights!$B$7*$P19)+IF($Q19="",0,Weights!$B$8*$Q19))/(IF($N19="",0,Weights!$B$5)+IF($O19="",0,Weights!$B$6)+IF($P19="",0,Weights!$B$7)+IF($Q19="",0,Weights!$B$8)),2),"")) -> 97 | S19: =IF($R19="","",COUNTIFS($A$5:$A$60,$A19,$R$5:$R$60,">"&$R19)+1) -> 1 | T19: =IF(OR($H19<>"Yes",$E19=""),"",COUNTIFS($A$5:$A$60,$A19,$H$5:$H$60,"Yes",$E$5:$E$60,"<"&$E19)+1) -> 1 | U19: =IF($S19="","",$A19&"|"&$S19) -> 5|1 | V19: =IF($T19="","",$A19&"|"&$T19) -> 5|1 | W19: =IF($B19="","",$B19&"|"&$D19) -> Girls Cotton Party Frock|Meesho
A20: 6 | B20: Women's Anarkali Kurti Set | C20: Clothing | D20: Amazon | E20: 939 | F20: No Warranty | G20: 5 | H20: Yes | I20: 46310 | K20: Open | L20: Image | M20: =IF($F20="","",IF(ISNUMBER(SEARCH("no warranty",$F20)),0,IF(ISNUMBER(SEARCH("year",$F20)),12*VALUE(LEFT($F20,FIND(" ",$F20)-1)),IF(ISNUMBER(SEARCH("month",$F20)),VALUE(LEFT($F20,FIND(" ",$F20)-1)),"")))) -> 0 | N20: =IF(OR($H20<>"Yes",$E20=""),"",IF(_xlfn.MAXIFS($E$5:$E$60,$A$5:$A$60,$A20,$H$5:$H$60,"Yes")=_xlfn.MINIFS($E$5:$E$60,$A$5:$A$60,$A20,$H$5:$H$60,"Yes"),1,(_xlfn.MAXIFS($E$5:$E$60,$A$5:$A$60,$A20,$H$5:$H$60,"Yes")-$E20)/(_xlfn.MAXIFS($E$5:$E$60,$A$5:$A$60,$A20,$H$5:$H$60,"Yes")-_xlfn.MINIFS($E$5:$E$60,$A$5:$A$60,$A20,$H$5:$H$60,"Yes")))) -> 0 | O20: =IF(OR($H20<>"Yes",$G20=""),"",IF(Weights!$B$10="Relative",IF(_xlfn.MAXIFS($G$5:$G$60,$A$5:$A$60,$A20,$H$5:$H$60,"Yes")=_xlfn.MINIFS($G$5:$G$60,$A$5:$A$60,$A20,$H$5:$H$60,"Yes"),1,($G20-_xlfn.MINIFS($G$5:$G$60,$A$5:$A$60,$A20,$H$5:$H$60,"Yes"))/(_xlfn.MAXIFS($G$5:$G$60,$A$5:$A$60,$A20,$H$5:$H$60,"Yes")-_xlfn.MINIFS($G$5:$G$60,$A$5:$A$60,$A20,$H$5:$H$60,"Yes"))),$G20/5)) -> 1 | P20: =IF(OR($H20<>"Yes",$M20=""),"",IF(_xlfn.MAXIFS($M$5:$M$60,$A$5:$A$60,$A20,$H$5:$H$60,"Yes")=_xlfn.MINIFS($M$5:$M$60,$A$5:$A$60,$A20,$H$5:$H$60,"Yes"),1,($M20-_xlfn.MINIFS($M$5:$M$60,$A$5:$A$60,$A20,$H$5:$H$60,"Yes"))/(_xlfn.MAXIFS($M$5:$M$60,$A$5:$A$60,$A20,$H$5:$H$60,"Yes")-_xlfn.MINIFS($M$5:$M$60,$A$5:$A$60,$A20,$H$5:$H$60,"Yes")))) -> 1 | Q20: =IF(OR($H20<>"Yes",$J20=""),"",IF(_xlfn.MAXIFS($J$5:$J$60,$A$5:$A$60,$A20,$H$5:$H$60,"Yes")=_xlfn.MINIFS($J$5:$J$60,$A$5:$A$60,$A20,$H$5:$H$60,"Yes"),1,(_xlfn.MAXIFS($J$5:$J$60,$A$5:$A$60,$A20,$H$5:$H$60,"Yes")-$J20)/(_xlfn.MAXIFS($J$5:$J$60,$A$5:$A$60,$A20,$H$5:$H$60,"Yes")-_xlfn.MINIFS($J$5:$J$60,$A$5:$A$60,$A20,$H$5:$H$60,"Yes")))) | R20: =IF($H20<>"Yes","",IFERROR(ROUND(100*(IF($N20="",0,Weights!$B$5*$N20)+IF($O20="",0,Weights!$B$6*$O20)+IF($P20="",0,Weights!$B$7*$P20)+IF($Q20="",0,Weights!$B$8*$Q20))/(IF($N20="",0,Weights!$B$5)+IF($O20="",0,Weights!$B$6)+IF($P20="",0,Weights!$B$7)+IF($Q20="",0,Weights!$B$8)),2),"")) -> 50 | S20: =IF($R20="","",COUNTIFS($A$5:$A$60,$A20,$R$5:$R$60,">"&$R20)+1) -> 3 | T20: =IF(OR($H20<>"Yes",$E20=""),"",COUNTIFS($A$5:$A$60,$A20,$H$5:$H$60,"Yes",$E$5:$E$60,"<"&$E20)+1) -> 3 | U20: =IF($S20="","",$A20&"|"&$S20) -> 6|3 | V20: =IF($T20="","",$A20&"|"&$T20) -> 6|3 | W20: =IF($B20="","",$B20&"|"&$D20) -> Women's Anarkali Kurti Set|Amazon
A21: 6 | B21: Women's Anarkali Kurti Set | C21: Clothing | D21: Flipkart | E21: 879 | F21: No Warranty | G21: 4 | H21: Yes | I21: 46310 | K21: Open | L21: Image | M21: =IF($F21="","",IF(ISNUMBER(SEARCH("no warranty",$F21)),0,IF(ISNUMBER(SEARCH("year",$F21)),12*VALUE(LEFT($F21,FIND(" ",$F21)-1)),IF(ISNUMBER(SEARCH("month",$F21)),VALUE(LEFT($F21,FIND(" ",$F21)-1)),"")))) -> 0 | N21: =IF(OR($H21<>"Yes",$E21=""),"",IF(_xlfn.MAXIFS($E$5:$E$60,$A$5:$A$60,$A21,$H$5:$H$60,"Yes")=_xlfn.MINIFS($E$5:$E$60,$A$5:$A$60,$A21,$H$5:$H$60,"Yes"),1,(_xlfn.MAXIFS($E$5:$E$60,$A$5:$A$60,$A21,$H$5:$H$60,"Yes")-$E21)/(_xlfn.MAXIFS($E$5:$E$60,$A$5:$A$60,$A21,$H$5:$H$60,"Yes")-_xlfn.MINIFS($E$5:$E$60,$A$5:$A$60,$A21,$H$5:$H$60,"Yes")))) -> 0.30150754 | O21: =IF(OR($H21<>"Yes",$G21=""),"",IF(Weights!$B$10="Relative",IF(_xlfn.MAXIFS($G$5:$G$60,$A$5:$A$60,$A21,$H$5:$H$60,"Yes")=_xlfn.MINIFS($G$5:$G$60,$A$5:$A$60,$A21,$H$5:$H$60,"Yes"),1,($G21-_xlfn.MINIFS($G$5:$G$60,$A$5:$A$60,$A21,$H$5:$H$60,"Yes"))/(_xlfn.MAXIFS($G$5:$G$60,$A$5:$A$60,$A21,$H$5:$H$60,"Yes")-_xlfn.MINIFS($G$5:$G$60,$A$5:$A$60,$A21,$H$5:$H$60,"Yes"))),$G21/5)) -> 0.8 | P21: =IF(OR($H21<>"Yes",$M21=""),"",IF(_xlfn.MAXIFS($M$5:$M$60,$A$5:$A$60,$A21,$H$5:$H$60,"Yes")=_xlfn.MINIFS($M$5:$M$60,$A$5:$A$60,$A21,$H$5:$H$60,"Yes"),1,($M21-_xlfn.MINIFS($M$5:$M$60,$A$5:$A$60,$A21,$H$5:$H$60,"Yes"))/(_xlfn.MAXIFS($M$5:$M$60,$A$5:$A$60,$A21,$H$5:$H$60,"Yes")-_xlfn.MINIFS($M$5:$M$60,$A$5:$A$60,$A21,$H$5:$H$60,"Yes")))) -> 1 | Q21: =IF(OR($H21<>"Yes",$J21=""),"",IF(_xlfn.MAXIFS($J$5:$J$60,$A$5:$A$60,$A21,$H$5:$H$60,"Yes")=_xlfn.MINIFS($J$5:$J$60,$A$5:$A$60,$A21,$H$5:$H$60,"Yes"),1,(_xlfn.MAXIFS($J$5:$J$60,$A$5:$A$60,$A21,$H$5:$H$60,"Yes")-$J21)/(_xlfn.MAXIFS($J$5:$J$60,$A$5:$A$60,$A21,$H$5:$H$60,"Yes")-_xlfn.MINIFS($J$5:$J$60,$A$5:$A$60,$A21,$H$5:$H$60,"Yes")))) | R21: =IF($H21<>"Yes","",IFERROR(ROUND(100*(IF($N21="",0,Weights!$B$5*$N21)+IF($O21="",0,Weights!$B$6*$O21)+IF($P21="",0,Weights!$B$7*$P21)+IF($Q21="",0,Weights!$B$8*$Q21))/(IF($N21="",0,Weights!$B$5)+IF($O21="",0,Weights!$B$6)+IF($P21="",0,Weights!$B$7)+IF($Q21="",0,Weights!$B$8)),2),"")) -> 59.08 | S21: =IF($R21="","",COUNTIFS($A$5:$A$60,$A21,$R$5:$R$60,">"&$R21)+1) -> 2 | T21: =IF(OR($H21<>"Yes",$E21=""),"",COUNTIFS($A$5:$A$60,$A21,$H$5:$H$60,"Yes",$E$5:$E$60,"<"&$E21)+1) -> 2 | U21: =IF($S21="","",$A21&"|"&$S21) -> 6|2 | V21: =IF($T21="","",$A21&"|"&$T21) -> 6|2 | W21: =IF($B21="","",$B21&"|"&$D21) -> Women's Anarkali Kurti Set|Flipkart
A22: 6 | B22: Women's Anarkali Kurti Set | C22: Clothing | D22: Meesho | E22: 740 | F22: No Warranty | G22: 5 | H22: Yes | I22: 46310 | L22: Image | M22: =IF($F22="","",IF(ISNUMBER(SEARCH("no warranty",$F22)),0,IF(ISNUMBER(SEARCH("year",$F22)),12*VALUE(LEFT($F22,FIND(" ",$F22)-1)),IF(ISNUMBER(SEARCH("month",$F22)),VALUE(LEFT($F22,FIND(" ",$F22)-1)),"")))) -> 0 | N22: =IF(OR($H22<>"Yes",$E22=""),"",IF(_xlfn.MAXIFS($E$5:$E$60,$A$5:$A$60,$A22,$H$5:$H$60,"Yes")=_xlfn.MINIFS($E$5:$E$60,$A$5:$A$60,$A22,$H$5:$H$60,"Yes"),1,(_xlfn.MAXIFS($E$5:$E$60,$A$5:$A$60,$A22,$H$5:$H$60,"Yes")-$E22)/(_xlfn.MAXIFS($E$5:$E$60,$A$5:$A$60,$A22,$H$5:$H$60,"Yes")-_xlfn.MINIFS($E$5:$E$60,$A$5:$A$60,$A22,$H$5:$H$60,"Yes")))) -> 1 | O22: =IF(OR($H22<>"Yes",$G22=""),"",IF(Weights!$B$10="Relative",IF(_xlfn.MAXIFS($G$5:$G$60,$A$5:$A$60,$A22,$H$5:$H$60,"Yes")=_xlfn.MINIFS($G$5:$G$60,$A$5:$A$60,$A22,$H$5:$H$60,"Yes"),1,($G22-_xlfn.MINIFS($G$5:$G$60,$A$5:$A$60,$A22,$H$5:$H$60,"Yes"))/(_xlfn.MAXIFS($G$5:$G$60,$A$5:$A$60,$A22,$H$5:$H$60,"Yes")-_xlfn.MINIFS($G$5:$G$60,$A$5:$A$60,$A22,$H$5:$H$60,"Yes"))),$G22/5)) -> 1 | P22: =IF(OR($H22<>"Yes",$M22=""),"",IF(_xlfn.MAXIFS($M$5:$M$60,$A$5:$A$60,$A22,$H$5:$H$60,"Yes")=_xlfn.MINIFS($M$5:$M$60,$A$5:$A$60,$A22,$H$5:$H$60,"Yes"),1,($M22-_xlfn.MINIFS($M$5:$M$60,$A$5:$A$60,$A22,$H$5:$H$60,"Yes"))/(_xlfn.MAXIFS($M$5:$M$60,$A$5:$A$60,$A22,$H$5:$H$60,"Yes")-_xlfn.MINIFS($M$5:$M$60,$A$5:$A$60,$A22,$H$5:$H$60,"Yes")))) -> 1 | Q22: =IF(OR($H22<>"Yes",$J22=""),"",IF(_xlfn.MAXIFS($J$5:$J$60,$A$5:$A$60,$A22,$H$5:$H$60,"Yes")=_xlfn.MINIFS($J$5:$J$60,$A$5:$A$60,$A22,$H$5:$H$60,"Yes"),1,(_xlfn.MAXIFS($J$5:$J$60,$A$5:$A$60,$A22,$H$5:$H$60,"Yes")-$J22)/(_xlfn.MAXIFS($J$5:$J$60,$A$5:$A$60,$A22,$H$5:$H$60,"Yes")-_xlfn.MINIFS($J$5:$J$60,$A$5:$A$60,$A22,$H$5:$H$60,"Yes")))) | R22: =IF($H22<>"Yes","",IFERROR(ROUND(100*(IF($N22="",0,Weights!$B$5*$N22)+IF($O22="",0,Weights!$B$6*$O22)+IF($P22="",0,Weights!$B$7*$P22)+IF($Q22="",0,Weights!$B$8*$Q22))/(IF($N22="",0,Weights!$B$5)+IF($O22="",0,Weights!$B$6)+IF($P22="",0,Weights!$B$7)+IF($Q22="",0,Weights!$B$8)),2),"")) -> 100 | S22: =IF($R22="","",COUNTIFS($A$5:$A$60,$A22,$R$5:$R$60,">"&$R22)+1) -> 1 | T22: =IF(OR($H22<>"Yes",$E22=""),"",COUNTIFS($A$5:$A$60,$A22,$H$5:$H$60,"Yes",$E$5:$E$60,"<"&$E22)+1) -> 1 | U22: =IF($S22="","",$A22&"|"&$S22) -> 6|1 | V22: =IF($T22="","",$A22&"|"&$T22) -> 6|1 | W22: =IF($B22="","",$B22&"|"&$D22) -> Women's Anarkali Kurti Set|Meesho
A23: 7 | B23: Women's Floral Print Maxi Dress | C23: Clothing | D23: Amazon | E23: 288 | F23: No Warranty | G23: 3.8 | H23: Yes | I23: 46310 | L23: Image | M23: =IF($F23="","",IF(ISNUMBER(SEARCH("no warranty",$F23)),0,IF(ISNUMBER(SEARCH("year",$F23)),12*VALUE(LEFT($F23,FIND(" ",$F23)-1)),IF(ISNUMBER(SEARCH("month",$F23)),VALUE(LEFT($F23,FIND(" ",$F23)-1)),"")))) -> 0 | N23: =IF(OR($H23<>"Yes",$E23=""),"",IF(_xlfn.MAXIFS($E$5:$E$60,$A$5:$A$60,$A23,$H$5:$H$60,"Yes")=_xlfn.MINIFS($E$5:$E$60,$A$5:$A$60,$A23,$H$5:$H$60,"Yes"),1,(_xlfn.MAXIFS($E$5:$E$60,$A$5:$A$60,$A23,$H$5:$H$60,"Yes")-$E23)/(_xlfn.MAXIFS($E$5:$E$60,$A$5:$A$60,$A23,$H$5:$H$60,"Yes")-_xlfn.MINIFS($E$5:$E$60,$A$5:$A$60,$A23,$H$5:$H$60,"Yes")))) -> 1 | O23: =IF(OR($H23<>"Yes",$G23=""),"",IF(Weights!$B$10="Relative",IF(_xlfn.MAXIFS($G$5:$G$60,$A$5:$A$60,$A23,$H$5:$H$60,"Yes")=_xlfn.MINIFS($G$5:$G$60,$A$5:$A$60,$A23,$H$5:$H$60,"Yes"),1,($G23-_xlfn.MINIFS($G$5:$G$60,$A$5:$A$60,$A23,$H$5:$H$60,"Yes"))/(_xlfn.MAXIFS($G$5:$G$60,$A$5:$A$60,$A23,$H$5:$H$60,"Yes")-_xlfn.MINIFS($G$5:$G$60,$A$5:$A$60,$A23,$H$5:$H$60,"Yes"))),$G23/5)) -> 0.76 | P23: =IF(OR($H23<>"Yes",$M23=""),"",IF(_xlfn.MAXIFS($M$5:$M$60,$A$5:$A$60,$A23,$H$5:$H$60,"Yes")=_xlfn.MINIFS($M$5:$M$60,$A$5:$A$60,$A23,$H$5:$H$60,"Yes"),1,($M23-_xlfn.MINIFS($M$5:$M$60,$A$5:$A$60,$A23,$H$5:$H$60,"Yes"))/(_xlfn.MAXIFS($M$5:$M$60,$A$5:$A$60,$A23,$H$5:$H$60,"Yes")-_xlfn.MINIFS($M$5:$M$60,$A$5:$A$60,$A23,$H$5:$H$60,"Yes")))) -> 1 | Q23: =IF(OR($H23<>"Yes",$J23=""),"",IF(_xlfn.MAXIFS($J$5:$J$60,$A$5:$A$60,$A23,$H$5:$H$60,"Yes")=_xlfn.MINIFS($J$5:$J$60,$A$5:$A$60,$A23,$H$5:$H$60,"Yes"),1,(_xlfn.MAXIFS($J$5:$J$60,$A$5:$A$60,$A23,$H$5:$H$60,"Yes")-$J23)/(_xlfn.MAXIFS($J$5:$J$60,$A$5:$A$60,$A23,$H$5:$H$60,"Yes")-_xlfn.MINIFS($J$5:$J$60,$A$5:$A$60,$A23,$H$5:$H$60,"Yes")))) | R23: =IF($H23<>"Yes","",IFERROR(ROUND(100*(IF($N23="",0,Weights!$B$5*$N23)+IF($O23="",0,Weights!$B$6*$O23)+IF($P23="",0,Weights!$B$7*$P23)+IF($Q23="",0,Weights!$B$8*$Q23))/(IF($N23="",0,Weights!$B$5)+IF($O23="",0,Weights!$B$6)+IF($P23="",0,Weights!$B$7)+IF($Q23="",0,Weights!$B$8)),2),"")) -> 92.8 | S23: =IF($R23="","",COUNTIFS($A$5:$A$60,$A23,$R$5:$R$60,">"&$R23)+1) -> 1 | T23: =IF(OR($H23<>"Yes",$E23=""),"",COUNTIFS($A$5:$A$60,$A23,$H$5:$H$60,"Yes",$E$5:$E$60,"<"&$E23)+1) -> 1 | U23: =IF($S23="","",$A23&"|"&$S23) -> 7|1 | V23: =IF($T23="","",$A23&"|"&$T23) -> 7|1 | W23: =IF($B23="","",$B23&"|"&$D23) -> Women's Floral Print Maxi Dress|Amazon
A24: 7 | B24: Women's Floral Print Maxi Dress | C24: Clothing | D24: Flipkart | E24: 372 | F24: No Warranty | G24: 4.3 | H24: Yes | I24: 46310 | L24: Image | M24: =IF($F24="","",IF(ISNUMBER(SEARCH("no warranty",$F24)),0,IF(ISNUMBER(SEARCH("year",$F24)),12*VALUE(LEFT($F24,FIND(" ",$F24)-1)),IF(ISNUMBER(SEARCH("month",$F24)),VALUE(LEFT($F24,FIND(" ",$F24)-1)),"")))) -> 0 | N24: =IF(OR($H24<>"Yes",$E24=""),"",IF(_xlfn.MAXIFS($E$5:$E$60,$A$5:$A$60,$A24,$H$5:$H$60,"Yes")=_xlfn.MINIFS($E$5:$E$60,$A$5:$A$60,$A24,$H$5:$H$60,"Yes"),1,(_xlfn.MAXIFS($E$5:$E$60,$A$5:$A$60,$A24,$H$5:$H$60,"Yes")-$E24)/(_xlfn.MAXIFS($E$5:$E$60,$A$5:$A$60,$A24,$H$5:$H$60,"Yes")-_xlfn.MINIFS($E$5:$E$60,$A$5:$A$60,$A24,$H$5:$H$60,"Yes")))) -> 0.011764706 | O24: =IF(OR($H24<>"Yes",$G24=""),"",IF(Weights!$B$10="Relative",IF(_xlfn.MAXIFS($G$5:$G$60,$A$5:$A$60,$A24,$H$5:$H$60,"Yes")=_xlfn.MINIFS($G$5:$G$60,$A$5:$A$60,$A24,$H$5:$H$60,"Yes"),1,($G24-_xlfn.MINIFS($G$5:$G$60,$A$5:$A$60,$A24,$H$5:$H$60,"Yes"))/(_xlfn.MAXIFS($G$5:$G$60,$A$5:$A$60,$A24,$H$5:$H$60,"Yes")-_xlfn.MINIFS($G$5:$G$60,$A$5:$A$60,$A24,$H$5:$H$60,"Yes"))),$G24/5)) -> 0.86 | P24: =IF(OR($H24<>"Yes",$M24=""),"",IF(_xlfn.MAXIFS($M$5:$M$60,$A$5:$A$60,$A24,$H$5:$H$60,"Yes")=_xlfn.MINIFS($M$5:$M$60,$A$5:$A$60,$A24,$H$5:$H$60,"Yes"),1,($M24-_xlfn.MINIFS($M$5:$M$60,$A$5:$A$60,$A24,$H$5:$H$60,"Yes"))/(_xlfn.MAXIFS($M$5:$M$60,$A$5:$A$60,$A24,$H$5:$H$60,"Yes")-_xlfn.MINIFS($M$5:$M$60,$A$5:$A$60,$A24,$H$5:$H$60,"Yes")))) -> 1 | Q24: =IF(OR($H24<>"Yes",$J24=""),"",IF(_xlfn.MAXIFS($J$5:$J$60,$A$5:$A$60,$A24,$H$5:$H$60,"Yes")=_xlfn.MINIFS($J$5:$J$60,$A$5:$A$60,$A24,$H$5:$H$60,"Yes"),1,(_xlfn.MAXIFS($J$5:$J$60,$A$5:$A$60,$A24,$H$5:$H$60,"Yes")-$J24)/(_xlfn.MAXIFS($J$5:$J$60,$A$5:$A$60,$A24,$H$5:$H$60,"Yes")-_xlfn.MINIFS($J$5:$J$60,$A$5:$A$60,$A24,$H$5:$H$60,"Yes")))) | R24: =IF($H24<>"Yes","",IFERROR(ROUND(100*(IF($N24="",0,Weights!$B$5*$N24)+IF($O24="",0,Weights!$B$6*$O24)+IF($P24="",0,Weights!$B$7*$P24)+IF($Q24="",0,Weights!$B$8*$Q24))/(IF($N24="",0,Weights!$B$5)+IF($O24="",0,Weights!$B$6)+IF($P24="",0,Weights!$B$7)+IF($Q24="",0,Weights!$B$8)),2),"")) -> 46.39 | S24: =IF($R24="","",COUNTIFS($A$5:$A$60,$A24,$R$5:$R$60,">"&$R24)+1) -> 2 | T24: =IF(OR($H24<>"Yes",$E24=""),"",COUNTIFS($A$5:$A$60,$A24,$H$5:$H$60,"Yes",$E$5:$E$60,"<"&$E24)+1) -> 2 | U24: =IF($S24="","",$A24&"|"&$S24) -> 7|2 | V24: =IF($T24="","",$A24&"|"&$T24) -> 7|2 | W24: =IF($B24="","",$B24&"|"&$D24) -> Women's Floral Print Maxi Dress|Flipkart
A25: 7 | B25: Women's Floral Print Maxi Dress | C25: Clothing | D25: Meesho | E25: 373 | F25: No Warranty | G25: 4.3 | H25: Yes | I25: 46310 | L25: Image | M25: =IF($F25="","",IF(ISNUMBER(SEARCH("no warranty",$F25)),0,IF(ISNUMBER(SEARCH("year",$F25)),12*VALUE(LEFT($F25,FIND(" ",$F25)-1)),IF(ISNUMBER(SEARCH("month",$F25)),VALUE(LEFT($F25,FIND(" ",$F25)-1)),"")))) -> 0 | N25: =IF(OR($H25<>"Yes",$E25=""),"",IF(_xlfn.MAXIFS($E$5:$E$60,$A$5:$A$60,$A25,$H$5:$H$60,"Yes")=_xlfn.MINIFS($E$5:$E$60,$A$5:$A$60,$A25,$H$5:$H$60,"Yes"),1,(_xlfn.MAXIFS($E$5:$E$60,$A$5:$A$60,$A25,$H$5:$H$60,"Yes")-$E25)/(_xlfn.MAXIFS($E$5:$E$60,$A$5:$A$60,$A25,$H$5:$H$60,"Yes")-_xlfn.MINIFS($E$5:$E$60,$A$5:$A$60,$A25,$H$5:$H$60,"Yes")))) -> 0 | O25: =IF(OR($H25<>"Yes",$G25=""),"",IF(Weights!$B$10="Relative",IF(_xlfn.MAXIFS($G$5:$G$60,$A$5:$A$60,$A25,$H$5:$H$60,"Yes")=_xlfn.MINIFS($G$5:$G$60,$A$5:$A$60,$A25,$H$5:$H$60,"Yes"),1,($G25-_xlfn.MINIFS($G$5:$G$60,$A$5:$A$60,$A25,$H$5:$H$60,"Yes"))/(_xlfn.MAXIFS($G$5:$G$60,$A$5:$A$60,$A25,$H$5:$H$60,"Yes")-_xlfn.MINIFS($G$5:$G$60,$A$5:$A$60,$A25,$H$5:$H$60,"Yes"))),$G25/5)) -> 0.86 | P25: =IF(OR($H25<>"Yes",$M25=""),"",IF(_xlfn.MAXIFS($M$5:$M$60,$A$5:$A$60,$A25,$H$5:$H$60,"Yes")=_xlfn.MINIFS($M$5:$M$60,$A$5:$A$60,$A25,$H$5:$H$60,"Yes"),1,($M25-_xlfn.MINIFS($M$5:$M$60,$A$5:$A$60,$A25,$H$5:$H$60,"Yes"))/(_xlfn.MAXIFS($M$5:$M$60,$A$5:$A$60,$A25,$H$5:$H$60,"Yes")-_xlfn.MINIFS($M$5:$M$60,$A$5:$A$60,$A25,$H$5:$H$60,"Yes")))) -> 1 | Q25: =IF(OR($H25<>"Yes",$J25=""),"",IF(_xlfn.MAXIFS($J$5:$J$60,$A$5:$A$60,$A25,$H$5:$H$60,"Yes")=_xlfn.MINIFS($J$5:$J$60,$A$5:$A$60,$A25,$H$5:$H$60,"Yes"),1,(_xlfn.MAXIFS($J$5:$J$60,$A$5:$A$60,$A25,$H$5:$H$60,"Yes")-$J25)/(_xlfn.MAXIFS($J$5:$J$60,$A$5:$A$60,$A25,$H$5:$H$60,"Yes")-_xlfn.MINIFS($J$5:$J$60,$A$5:$A$60,$A25,$H$5:$H$60,"Yes")))) | R25: =IF($H25<>"Yes","",IFERROR(ROUND(100*(IF($N25="",0,Weights!$B$5*$N25)+IF($O25="",0,Weights!$B$6*$O25)+IF($P25="",0,Weights!$B$7*$P25)+IF($Q25="",0,Weights!$B$8*$Q25))/(IF($N25="",0,Weights!$B$5)+IF($O25="",0,Weights!$B$6)+IF($P25="",0,Weights!$B$7)+IF($Q25="",0,Weights!$B$8)),2),"")) -> 45.8 | S25: =IF($R25="","",COUNTIFS($A$5:$A$60,$A25,$R$5:$R$60,">"&$R25)+1) -> 3 | T25: =IF(OR($H25<>"Yes",$E25=""),"",COUNTIFS($A$5:$A$60,$A25,$H$5:$H$60,"Yes",$E$5:$E$60,"<"&$E25)+1) -> 3 | U25: =IF($S25="","",$A25&"|"&$S25) -> 7|3 | V25: =IF($T25="","",$A25&"|"&$T25) -> 7|3 | W25: =IF($B25="","",$B25&"|"&$D25) -> Women's Floral Print Maxi Dress|Meesho
A26: 8 | B26: Men's Cotton Round Neck T-Shirt | C26: Clothing | D26: Amazon | E26: 600 | F26: No Warranty | G26: 3.9 | H26: Yes | I26: 46312 | K26: Open | L26: Image | M26: =IF($F26="","",IF(ISNUMBER(SEARCH("no warranty",$F26)),0,IF(ISNUMBER(SEARCH("year",$F26)),12*VALUE(LEFT($F26,FIND(" ",$F26)-1)),IF(ISNUMBER(SEARCH("month",$F26)),VALUE(LEFT($F26,FIND(" ",$F26)-1)),"")))) -> 0 | N26: =IF(OR($H26<>"Yes",$E26=""),"",IF(_xlfn.MAXIFS($E$5:$E$60,$A$5:$A$60,$A26,$H$5:$H$60,"Yes")=_xlfn.MINIFS($E$5:$E$60,$A$5:$A$60,$A26,$H$5:$H$60,"Yes"),1,(_xlfn.MAXIFS($E$5:$E$60,$A$5:$A$60,$A26,$H$5:$H$60,"Yes")-$E26)/(_xlfn.MAXIFS($E$5:$E$60,$A$5:$A$60,$A26,$H$5:$H$60,"Yes")-_xlfn.MINIFS($E$5:$E$60,$A$5:$A$60,$A26,$H$5:$H$60,"Yes")))) -> 0 | O26: =IF(OR($H26<>"Yes",$G26=""),"",IF(Weights!$B$10="Relative",IF(_xlfn.MAXIFS($G$5:$G$60,$A$5:$A$60,$A26,$H$5:$H$60,"Yes")=_xlfn.MINIFS($G$5:$G$60,$A$5:$A$60,$A26,$H$5:$H$60,"Yes"),1,($G26-_xlfn.MINIFS($G$5:$G$60,$A$5:$A$60,$A26,$H$5:$H$60,"Yes"))/(_xlfn.MAXIFS($G$5:$G$60,$A$5:$A$60,$A26,$H$5:$H$60,"Yes")-_xlfn.MINIFS($G$5:$G$60,$A$5:$A$60,$A26,$H$5:$H$60,"Yes"))),$G26/5)) -> 0.78 | P26: =IF(OR($H26<>"Yes",$M26=""),"",IF(_xlfn.MAXIFS($M$5:$M$60,$A$5:$A$60,$A26,$H$5:$H$60,"Yes")=_xlfn.MINIFS($M$5:$M$60,$A$5:$A$60,$A26,$H$5:$H$60,"Yes"),1,($M26-_xlfn.MINIFS($M$5:$M$60,$A$5:$A$60,$A26,$H$5:$H$60,"Yes"))/(_xlfn.MAXIFS($M$5:$M$60,$A$5:$A$60,$A26,$H$5:$H$60,"Yes")-_xlfn.MINIFS($M$5:$M$60,$A$5:$A$60,$A26,$H$5:$H$60,"Yes")))) -> 1 | Q26: =IF(OR($H26<>"Yes",$J26=""),"",IF(_xlfn.MAXIFS($J$5:$J$60,$A$5:$A$60,$A26,$H$5:$H$60,"Yes")=_xlfn.MINIFS($J$5:$J$60,$A$5:$A$60,$A26,$H$5:$H$60,"Yes"),1,(_xlfn.MAXIFS($J$5:$J$60,$A$5:$A$60,$A26,$H$5:$H$60,"Yes")-$J26)/(_xlfn.MAXIFS($J$5:$J$60,$A$5:$A$60,$A26,$H$5:$H$60,"Yes")-_xlfn.MINIFS($J$5:$J$60,$A$5:$A$60,$A26,$H$5:$H$60,"Yes")))) | R26: =IF($H26<>"Yes","",IFERROR(ROUND(100*(IF($N26="",0,Weights!$B$5*$N26)+IF($O26="",0,Weights!$B$6*$O26)+IF($P26="",0,Weights!$B$7*$P26)+IF($Q26="",0,Weights!$B$8*$Q26))/(IF($N26="",0,Weights!$B$5)+IF($O26="",0,Weights!$B$6)+IF($P26="",0,Weights!$B$7)+IF($Q26="",0,Weights!$B$8)),2),"")) -> 43.4 | S26: =IF($R26="","",COUNTIFS($A$5:$A$60,$A26,$R$5:$R$60,">"&$R26)+1) -> 2 | T26: =IF(OR($H26<>"Yes",$E26=""),"",COUNTIFS($A$5:$A$60,$A26,$H$5:$H$60,"Yes",$E$5:$E$60,"<"&$E26)+1) -> 2 | U26: =IF($S26="","",$A26&"|"&$S26) -> 8|2 | V26: =IF($T26="","",$A26&"|"&$T26) -> 8|2 | W26: =IF($B26="","",$B26&"|"&$D26) -> Men's Cotton Round Neck T-Shirt|Amazon
A27: 8 | B27: Men's Cotton Round Neck T-Shirt | C27: Clothing | D27: Flipkart | E27: 400 | F27: No Warranty | G27: 4.3 | H27: Yes | I27: 46312 | K27: Open | L27: Image | M27: =IF($F27="","",IF(ISNUMBER(SEARCH("no warranty",$F27)),0,IF(ISNUMBER(SEARCH("year",$F27)),12*VALUE(LEFT($F27,FIND(" ",$F27)-1)),IF(ISNUMBER(SEARCH("month",$F27)),VALUE(LEFT($F27,FIND(" ",$F27)-1)),"")))) -> 0 | N27: =IF(OR($H27<>"Yes",$E27=""),"",IF(_xlfn.MAXIFS($E$5:$E$60,$A$5:$A$60,$A27,$H$5:$H$60,"Yes")=_xlfn.MINIFS($E$5:$E$60,$A$5:$A$60,$A27,$H$5:$H$60,"Yes"),1,(_xlfn.MAXIFS($E$5:$E$60,$A$5:$A$60,$A27,$H$5:$H$60,"Yes")-$E27)/(_xlfn.MAXIFS($E$5:$E$60,$A$5:$A$60,$A27,$H$5:$H$60,"Yes")-_xlfn.MINIFS($E$5:$E$60,$A$5:$A$60,$A27,$H$5:$H$60,"Yes")))) -> 1 | O27: =IF(OR($H27<>"Yes",$G27=""),"",IF(Weights!$B$10="Relative",IF(_xlfn.MAXIFS($G$5:$G$60,$A$5:$A$60,$A27,$H$5:$H$60,"Yes")=_xlfn.MINIFS($G$5:$G$60,$A$5:$A$60,$A27,$H$5:$H$60,"Yes"),1,($G27-_xlfn.MINIFS($G$5:$G$60,$A$5:$A$60,$A27,$H$5:$H$60,"Yes"))/(_xlfn.MAXIFS($G$5:$G$60,$A$5:$A$60,$A27,$H$5:$H$60,"Yes")-_xlfn.MINIFS($G$5:$G$60,$A$5:$A$60,$A27,$H$5:$H$60,"Yes"))),$G27/5)) -> 0.86 | P27: =IF(OR($H27<>"Yes",$M27=""),"",IF(_xlfn.MAXIFS($M$5:$M$60,$A$5:$A$60,$A27,$H$5:$H$60,"Yes")=_xlfn.MINIFS($M$5:$M$60,$A$5:$A$60,$A27,$H$5:$H$60,"Yes"),1,($M27-_xlfn.MINIFS($M$5:$M$60,$A$5:$A$60,$A27,$H$5:$H$60,"Yes"))/(_xlfn.MAXIFS($M$5:$M$60,$A$5:$A$60,$A27,$H$5:$H$60,"Yes")-_xlfn.MINIFS($M$5:$M$60,$A$5:$A$60,$A27,$H$5:$H$60,"Yes")))) -> 1 | Q27: =IF(OR($H27<>"Yes",$J27=""),"",IF(_xlfn.MAXIFS($J$5:$J$60,$A$5:$A$60,$A27,$H$5:$H$60,"Yes")=_xlfn.MINIFS($J$5:$J$60,$A$5:$A$60,$A27,$H$5:$H$60,"Yes"),1,(_xlfn.MAXIFS($J$5:$J$60,$A$5:$A$60,$A27,$H$5:$H$60,"Yes")-$J27)/(_xlfn.MAXIFS($J$5:$J$60,$A$5:$A$60,$A27,$H$5:$H$60,"Yes")-_xlfn.MINIFS($J$5:$J$60,$A$5:$A$60,$A27,$H$5:$H$60,"Yes")))) | R27: =IF($H27<>"Yes","",IFERROR(ROUND(100*(IF($N27="",0,Weights!$B$5*$N27)+IF($O27="",0,Weights!$B$6*$O27)+IF($P27="",0,Weights!$B$7*$P27)+IF($Q27="",0,Weights!$B$8*$Q27))/(IF($N27="",0,Weights!$B$5)+IF($O27="",0,Weights!$B$6)+IF($P27="",0,Weights!$B$7)+IF($Q27="",0,Weights!$B$8)),2),"")) -> 95.8 | S27: =IF($R27="","",COUNTIFS($A$5:$A$60,$A27,$R$5:$R$60,">"&$R27)+1) -> 1 | T27: =IF(OR($H27<>"Yes",$E27=""),"",COUNTIFS($A$5:$A$60,$A27,$H$5:$H$60,"Yes",$E$5:$E$60,"<"&$E27)+1) -> 1 | U27: =IF($S27="","",$A27&"|"&$S27) -> 8|1 | V27: =IF($T27="","",$A27&"|"&$T27) -> 8|1 | W27: =IF($B27="","",$B27&"|"&$D27) -> Men's Cotton Round Neck T-Shirt|Flipkart
A28: 8 | B28: Men's Cotton Round Neck T-Shirt | C28: Clothing | D28: Meesho | E28: 450 | F28: No Warranty | G28: 3.5 | H28: No | I28: 46312 | L28: Image | M28: =IF($F28="","",IF(ISNUMBER(SEARCH("no warranty",$F28)),0,IF(ISNUMBER(SEARCH("year",$F28)),12*VALUE(LEFT($F28,FIND(" ",$F28)-1)),IF(ISNUMBER(SEARCH("month",$F28)),VALUE(LEFT($F28,FIND(" ",$F28)-1)),"")))) -> 0 | N28: =IF(OR($H28<>"Yes",$E28=""),"",IF(_xlfn.MAXIFS($E$5:$E$60,$A$5:$A$60,$A28,$H$5:$H$60,"Yes")=_xlfn.MINIFS($E$5:$E$60,$A$5:$A$60,$A28,$H$5:$H$60,"Yes"),1,(_xlfn.MAXIFS($E$5:$E$60,$A$5:$A$60,$A28,$H$5:$H$60,"Yes")-$E28)/(_xlfn.MAXIFS($E$5:$E$60,$A$5:$A$60,$A28,$H$5:$H$60,"Yes")-_xlfn.MINIFS($E$5:$E$60,$A$5:$A$60,$A28,$H$5:$H$60,"Yes")))) | O28: =IF(OR($H28<>"Yes",$G28=""),"",IF(Weights!$B$10="Relative",IF(_xlfn.MAXIFS($G$5:$G$60,$A$5:$A$60,$A28,$H$5:$H$60,"Yes")=_xlfn.MINIFS($G$5:$G$60,$A$5:$A$60,$A28,$H$5:$H$60,"Yes"),1,($G28-_xlfn.MINIFS($G$5:$G$60,$A$5:$A$60,$A28,$H$5:$H$60,"Yes"))/(_xlfn.MAXIFS($G$5:$G$60,$A$5:$A$60,$A28,$H$5:$H$60,"Yes")-_xlfn.MINIFS($G$5:$G$60,$A$5:$A$60,$A28,$H$5:$H$60,"Yes"))),$G28/5)) | P28: =IF(OR($H28<>"Yes",$M28=""),"",IF(_xlfn.MAXIFS($M$5:$M$60,$A$5:$A$60,$A28,$H$5:$H$60,"Yes")=_xlfn.MINIFS($M$5:$M$60,$A$5:$A$60,$A28,$H$5:$H$60,"Yes"),1,($M28-_xlfn.MINIFS($M$5:$M$60,$A$5:$A$60,$A28,$H$5:$H$60,"Yes"))/(_xlfn.MAXIFS($M$5:$M$60,$A$5:$A$60,$A28,$H$5:$H$60,"Yes")-_xlfn.MINIFS($M$5:$M$60,$A$5:$A$60,$A28,$H$5:$H$60,"Yes")))) | Q28: =IF(OR($H28<>"Yes",$J28=""),"",IF(_xlfn.MAXIFS($J$5:$J$60,$A$5:$A$60,$A28,$H$5:$H$60,"Yes")=_xlfn.MINIFS($J$5:$J$60,$A$5:$A$60,$A28,$H$5:$H$60,"Yes"),1,(_xlfn.MAXIFS($J$5:$J$60,$A$5:$A$60,$A28,$H$5:$H$60,"Yes")-$J28)/(_xlfn.MAXIFS($J$5:$J$60,$A$5:$A$60,$A28,$H$5:$H$60,"Yes")-_xlfn.MINIFS($J$5:$J$60,$A$5:$A$60,$A28,$H$5:$H$60,"Yes")))) | R28: =IF($H28<>"Yes","",IFERROR(ROUND(100*(IF($N28="",0,Weights!$B$5*$N28)+IF($O28="",0,Weights!$B$6*$O28)+IF($P28="",0,Weights!$B$7*$P28)+IF($Q28="",0,Weights!$B$8*$Q28))/(IF($N28="",0,Weights!$B$5)+IF($O28="",0,Weights!$B$6)+IF($P28="",0,Weights!$B$7)+IF($Q28="",0,Weights!$B$8)),2),"")) | S28: =IF($R28="","",COUNTIFS($A$5:$A$60,$A28,$R$5:$R$60,">"&$R28)+1) | T28: =IF(OR($H28<>"Yes",$E28=""),"",COUNTIFS($A$5:$A$60,$A28,$H$5:$H$60,"Yes",$E$5:$E$60,"<"&$E28)+1) | U28: =IF($S28="","",$A28&"|"&$S28) | V28: =IF($T28="","",$A28&"|"&$T28) | W28: =IF($B28="","",$B28&"|"&$D28) -> Men's Cotton Round Neck T-Shirt|Meesho
A29: 9 | B29: Men's Running Sports Shoes | C29: Footwear | D29: Amazon | E29: 859 | F29: No Warranty | G29: 4.2 | H29: Yes | I29: 46312 | L29: Image | M29: =IF($F29="","",IF(ISNUMBER(SEARCH("no warranty",$F29)),0,IF(ISNUMBER(SEARCH("year",$F29)),12*VALUE(LEFT($F29,FIND(" ",$F29)-1)),IF(ISNUMBER(SEARCH("month",$F29)),VALUE(LEFT($F29,FIND(" ",$F29)-1)),"")))) -> 0 | N29: =IF(OR($H29<>"Yes",$E29=""),"",IF(_xlfn.MAXIFS($E$5:$E$60,$A$5:$A$60,$A29,$H$5:$H$60,"Yes")=_xlfn.MINIFS($E$5:$E$60,$A$5:$A$60,$A29,$H$5:$H$60,"Yes"),1,(_xlfn.MAXIFS($E$5:$E$60,$A$5:$A$60,$A29,$H$5:$H$60,"Yes")-$E29)/(_xlfn.MAXIFS($E$5:$E$60,$A$5:$A$60,$A29,$H$5:$H$60,"Yes")-_xlfn.MINIFS($E$5:$E$60,$A$5:$A$60,$A29,$H$5:$H$60,"Yes")))) -> 0 | O29: =IF(OR($H29<>"Yes",$G29=""),"",IF(Weights!$B$10="Relative",IF(_xlfn.MAXIFS($G$5:$G$60,$A$5:$A$60,$A29,$H$5:$H$60,"Yes")=_xlfn.MINIFS($G$5:$G$60,$A$5:$A$60,$A29,$H$5:$H$60,"Yes"),1,($G29-_xlfn.MINIFS($G$5:$G$60,$A$5:$A$60,$A29,$H$5:$H$60,"Yes"))/(_xlfn.MAXIFS($G$5:$G$60,$A$5:$A$60,$A29,$H$5:$H$60,"Yes")-_xlfn.MINIFS($G$5:$G$60,$A$5:$A$60,$A29,$H$5:$H$60,"Yes"))),$G29/5)) -> 0.84 | P29: =IF(OR($H29<>"Yes",$M29=""),"",IF(_xlfn.MAXIFS($M$5:$M$60,$A$5:$A$60,$A29,$H$5:$H$60,"Yes")=_xlfn.MINIFS($M$5:$M$60,$A$5:$A$60,$A29,$H$5:$H$60,"Yes"),1,($M29-_xlfn.MINIFS($M$5:$M$60,$A$5:$A$60,$A29,$H$5:$H$60,"Yes"))/(_xlfn.MAXIFS($M$5:$M$60,$A$5:$A$60,$A29,$H$5:$H$60,"Yes")-_xlfn.MINIFS($M$5:$M$60,$A$5:$A$60,$A29,$H$5:$H$60,"Yes")))) -> 1 | Q29: =IF(OR($H29<>"Yes",$J29=""),"",IF(_xlfn.MAXIFS($J$5:$J$60,$A$5:$A$60,$A29,$H$5:$H$60,"Yes")=_xlfn.MINIFS($J$5:$J$60,$A$5:$A$60,$A29,$H$5:$H$60,"Yes"),1,(_xlfn.MAXIFS($J$5:$J$60,$A$5:$A$60,$A29,$H$5:$H$60,"Yes")-$J29)/(_xlfn.MAXIFS($J$5:$J$60,$A$5:$A$60,$A29,$H$5:$H$60,"Yes")-_xlfn.MINIFS($J$5:$J$60,$A$5:$A$60,$A29,$H$5:$H$60,"Yes")))) | R29: =IF($H29<>"Yes","",IFERROR(ROUND(100*(IF($N29="",0,Weights!$B$5*$N29)+IF($O29="",0,Weights!$B$6*$O29)+IF($P29="",0,Weights!$B$7*$P29)+IF($Q29="",0,Weights!$B$8*$Q29))/(IF($N29="",0,Weights!$B$5)+IF($O29="",0,Weights!$B$6)+IF($P29="",0,Weights!$B$7)+IF($Q29="",0,Weights!$B$8)),2),"")) -> 45.2 | S29: =IF($R29="","",COUNTIFS($A$5:$A$60,$A29,$R$5:$R$60,">"&$R29)+1) -> 3 | T29: =IF(OR($H29<>"Yes",$E29=""),"",COUNTIFS($A$5:$A$60,$A29,$H$5:$H$60,"Yes",$E$5:$E$60,"<"&$E29)+1) -> 3 | U29: =IF($S29="","",$A29&"|"&$S29) -> 9|3 | V29: =IF($T29="","",$A29&"|"&$T29) -> 9|3 | W29: =IF($B29="","",$B29&"|"&$D29) -> Men's Running Sports Shoes|Amazon
A30: 9 | B30: Men's Running Sports Shoes | C30: Footwear | D30: Flipkart | E30: 730 | F30: No Warranty | G30: 4 | H30: Yes | I30: 46312 | L30: Image | M30: =IF($F30="","",IF(ISNUMBER(SEARCH("no warranty",$F30)),0,IF(ISNUMBER(SEARCH("year",$F30)),12*VALUE(LEFT($F30,FIND(" ",$F30)-1)),IF(ISNUMBER(SEARCH("month",$F30)),VALUE(LEFT($F30,FIND(" ",$F30)-1)),"")))) -> 0 | N30: =IF(OR($H30<>"Yes",$E30=""),"",IF(_xlfn.MAXIFS($E$5:$E$60,$A$5:$A$60,$A30,$H$5:$H$60,"Yes")=_xlfn.MINIFS($E$5:$E$60,$A$5:$A$60,$A30,$H$5:$H$60,"Yes"),1,(_xlfn.MAXIFS($E$5:$E$60,$A$5:$A$60,$A30,$H$5:$H$60,"Yes")-$E30)/(_xlfn.MAXIFS($E$5:$E$60,$A$5:$A$60,$A30,$H$5:$H$60,"Yes")-_xlfn.MINIFS($E$5:$E$60,$A$5:$A$60,$A30,$H$5:$H$60,"Yes")))) -> 0.21147541 | O30: =IF(OR($H30<>"Yes",$G30=""),"",IF(Weights!$B$10="Relative",IF(_xlfn.MAXIFS($G$5:$G$60,$A$5:$A$60,$A30,$H$5:$H$60,"Yes")=_xlfn.MINIFS($G$5:$G$60,$A$5:$A$60,$A30,$H$5:$H$60,"Yes"),1,($G30-_xlfn.MINIFS($G$5:$G$60,$A$5:$A$60,$A30,$H$5:$H$60,"Yes"))/(_xlfn.MAXIFS($G$5:$G$60,$A$5:$A$60,$A30,$H$5:$H$60,"Yes")-_xlfn.MINIFS($G$5:$G$60,$A$5:$A$60,$A30,$H$5:$H$60,"Yes"))),$G30/5)) -> 0.8 | P30: =IF(OR($H30<>"Yes",$M30=""),"",IF(_xlfn.MAXIFS($M$5:$M$60,$A$5:$A$60,$A30,$H$5:$H$60,"Yes")=_xlfn.MINIFS($M$5:$M$60,$A$5:$A$60,$A30,$H$5:$H$60,"Yes"),1,($M30-_xlfn.MINIFS($M$5:$M$60,$A$5:$A$60,$A30,$H$5:$H$60,"Yes"))/(_xlfn.MAXIFS($M$5:$M$60,$A$5:$A$60,$A30,$H$5:$H$60,"Yes")-_xlfn.MINIFS($M$5:$M$60,$A$5:$A$60,$A30,$H$5:$H$60,"Yes")))) -> 1 | Q30: =IF(OR($H30<>"Yes",$J30=""),"",IF(_xlfn.MAXIFS($J$5:$J$60,$A$5:$A$60,$A30,$H$5:$H$60,"Yes")=_xlfn.MINIFS($J$5:$J$60,$A$5:$A$60,$A30,$H$5:$H$60,"Yes"),1,(_xlfn.MAXIFS($J$5:$J$60,$A$5:$A$60,$A30,$H$5:$H$60,"Yes")-$J30)/(_xlfn.MAXIFS($J$5:$J$60,$A$5:$A$60,$A30,$H$5:$H$60,"Yes")-_xlfn.MINIFS($J$5:$J$60,$A$5:$A$60,$A30,$H$5:$H$60,"Yes")))) | R30: =IF($H30<>"Yes","",IFERROR(ROUND(100*(IF($N30="",0,Weights!$B$5*$N30)+IF($O30="",0,Weights!$B$6*$O30)+IF($P30="",0,Weights!$B$7*$P30)+IF($Q30="",0,Weights!$B$8*$Q30))/(IF($N30="",0,Weights!$B$5)+IF($O30="",0,Weights!$B$6)+IF($P30="",0,Weights!$B$7)+IF($Q30="",0,Weights!$B$8)),2),"")) -> 54.57 | S30: =IF($R30="","",COUNTIFS($A$5:$A$60,$A30,$R$5:$R$60,">"&$R30)+1) -> 2 | T30: =IF(OR($H30<>"Yes",$E30=""),"",COUNTIFS($A$5:$A$60,$A30,$H$5:$H$60,"Yes",$E$5:$E$60,"<"&$E30)+1) -> 2 | U30: =IF($S30="","",$A30&"|"&$S30) -> 9|2 | V30: =IF($T30="","",$A30&"|"&$T30) -> 9|2 | W30: =IF($B30="","",$B30&"|"&$D30) -> Men's Running Sports Shoes|Flipkart
A31: 9 | B31: Men's Running Sports Shoes | C31: Footwear | D31: Meesho | E31: 249 | F31: No Warranty | G31: 3.7 | H31: Yes | I31: 46312 | L31: Image | M31: =IF($F31="","",IF(ISNUMBER(SEARCH("no warranty",$F31)),0,IF(ISNUMBER(SEARCH("year",$F31)),12*VALUE(LEFT($F31,FIND(" ",$F31)-1)),IF(ISNUMBER(SEARCH("month",$F31)),VALUE(LEFT($F31,FIND(" ",$F31)-1)),"")))) -> 0 | N31: =IF(OR($H31<>"Yes",$E31=""),"",IF(_xlfn.MAXIFS($E$5:$E$60,$A$5:$A$60,$A31,$H$5:$H$60,"Yes")=_xlfn.MINIFS($E$5:$E$60,$A$5:$A$60,$A31,$H$5:$H$60,"Yes"),1,(_xlfn.MAXIFS($E$5:$E$60,$A$5:$A$60,$A31,$H$5:$H$60,"Yes")-$E31)/(_xlfn.MAXIFS($E$5:$E$60,$A$5:$A$60,$A31,$H$5:$H$60,"Yes")-_xlfn.MINIFS($E$5:$E$60,$A$5:$A$60,$A31,$H$5:$H$60,"Yes")))) -> 1 | O31: =IF(OR($H31<>"Yes",$G31=""),"",IF(Weights!$B$10="Relative",IF(_xlfn.MAXIFS($G$5:$G$60,$A$5:$A$60,$A31,$H$5:$H$60,"Yes")=_xlfn.MINIFS($G$5:$G$60,$A$5:$A$60,$A31,$H$5:$H$60,"Yes"),1,($G31-_xlfn.MINIFS($G$5:$G$60,$A$5:$A$60,$A31,$H$5:$H$60,"Yes"))/(_xlfn.MAXIFS($G$5:$G$60,$A$5:$A$60,$A31,$H$5:$H$60,"Yes")-_xlfn.MINIFS($G$5:$G$60,$A$5:$A$60,$A31,$H$5:$H$60,"Yes"))),$G31/5)) -> 0.74 | P31: =IF(OR($H31<>"Yes",$M31=""),"",IF(_xlfn.MAXIFS($M$5:$M$60,$A$5:$A$60,$A31,$H$5:$H$60,"Yes")=_xlfn.MINIFS($M$5:$M$60,$A$5:$A$60,$A31,$H$5:$H$60,"Yes"),1,($M31-_xlfn.MINIFS($M$5:$M$60,$A$5:$A$60,$A31,$H$5:$H$60,"Yes"))/(_xlfn.MAXIFS($M$5:$M$60,$A$5:$A$60,$A31,$H$5:$H$60,"Yes")-_xlfn.MINIFS($M$5:$M$60,$A$5:$A$60,$A31,$H$5:$H$60,"Yes")))) -> 1 | Q31: =IF(OR($H31<>"Yes",$J31=""),"",IF(_xlfn.MAXIFS($J$5:$J$60,$A$5:$A$60,$A31,$H$5:$H$60,"Yes")=_xlfn.MINIFS($J$5:$J$60,$A$5:$A$60,$A31,$H$5:$H$60,"Yes"),1,(_xlfn.MAXIFS($J$5:$J$60,$A$5:$A$60,$A31,$H$5:$H$60,"Yes")-$J31)/(_xlfn.MAXIFS($J$5:$J$60,$A$5:$A$60,$A31,$H$5:$H$60,"Yes")-_xlfn.MINIFS($J$5:$J$60,$A$5:$A$60,$A31,$H$5:$H$60,"Yes")))) | R31: =IF($H31<>"Yes","",IFERROR(ROUND(100*(IF($N31="",0,Weights!$B$5*$N31)+IF($O31="",0,Weights!$B$6*$O31)+IF($P31="",0,Weights!$B$7*$P31)+IF($Q31="",0,Weights!$B$8*$Q31))/(IF($N31="",0,Weights!$B$5)+IF($O31="",0,Weights!$B$6)+IF($P31="",0,Weights!$B$7)+IF($Q31="",0,Weights!$B$8)),2),"")) -> 92.2 | S31: =IF($R31="","",COUNTIFS($A$5:$A$60,$A31,$R$5:$R$60,">"&$R31)+1) -> 1 | T31: =IF(OR($H31<>"Yes",$E31=""),"",COUNTIFS($A$5:$A$60,$A31,$H$5:$H$60,"Yes",$E$5:$E$60,"<"&$E31)+1) -> 1 | U31: =IF($S31="","",$A31&"|"&$S31) -> 9|1 | V31: =IF($T31="","",$A31&"|"&$T31) -> 9|1 | W31: =IF($B31="","",$B31&"|"&$D31) -> Men's Running Sports Shoes|Meesho
A32: 10 | B32: Women's Flat Sandals | C32: Footwear | D32: Amazon | E32: 250 | F32: No Warranty | G32: 3.8 | H32: Yes | I32: 46312 | K32: Open | L32: Image | M32: =IF($F32="","",IF(ISNUMBER(SEARCH("no warranty",$F32)),0,IF(ISNUMBER(SEARCH("year",$F32)),12*VALUE(LEFT($F32,FIND(" ",$F32)-1)),IF(ISNUMBER(SEARCH("month",$F32)),VALUE(LEFT($F32,FIND(" ",$F32)-1)),"")))) -> 0 | N32: =IF(OR($H32<>"Yes",$E32=""),"",IF(_xlfn.MAXIFS($E$5:$E$60,$A$5:$A$60,$A32,$H$5:$H$60,"Yes")=_xlfn.MINIFS($E$5:$E$60,$A$5:$A$60,$A32,$H$5:$H$60,"Yes"),1,(_xlfn.MAXIFS($E$5:$E$60,$A$5:$A$60,$A32,$H$5:$H$60,"Yes")-$E32)/(_xlfn.MAXIFS($E$5:$E$60,$A$5:$A$60,$A32,$H$5:$H$60,"Yes")-_xlfn.MINIFS($E$5:$E$60,$A$5:$A$60,$A32,$H$5:$H$60,"Yes")))) -> 0 | O32: =IF(OR($H32<>"Yes",$G32=""),"",IF(Weights!$B$10="Relative",IF(_xlfn.MAXIFS($G$5:$G$60,$A$5:$A$60,$A32,$H$5:$H$60,"Yes")=_xlfn.MINIFS($G$5:$G$60,$A$5:$A$60,$A32,$H$5:$H$60,"Yes"),1,($G32-_xlfn.MINIFS($G$5:$G$60,$A$5:$A$60,$A32,$H$5:$H$60,"Yes"))/(_xlfn.MAXIFS($G$5:$G$60,$A$5:$A$60,$A32,$H$5:$H$60,"Yes")-_xlfn.MINIFS($G$5:$G$60,$A$5:$A$60,$A32,$H$5:$H$60,"Yes"))),$G32/5)) -> 0.76 | P32: =IF(OR($H32<>"Yes",$M32=""),"",IF(_xlfn.MAXIFS($M$5:$M$60,$A$5:$A$60,$A32,$H$5:$H$60,"Yes")=_xlfn.MINIFS($M$5:$M$60,$A$5:$A$60,$A32,$H$5:$H$60,"Yes"),1,($M32-_xlfn.MINIFS($M$5:$M$60,$A$5:$A$60,$A32,$H$5:$H$60,"Yes"))/(_xlfn.MAXIFS($M$5:$M$60,$A$5:$A$60,$A32,$H$5:$H$60,"Yes")-_xlfn.MINIFS($M$5:$M$60,$A$5:$A$60,$A32,$H$5:$H$60,"Yes")))) -> 1 | Q32: =IF(OR($H32<>"Yes",$J32=""),"",IF(_xlfn.MAXIFS($J$5:$J$60,$A$5:$A$60,$A32,$H$5:$H$60,"Yes")=_xlfn.MINIFS($J$5:$J$60,$A$5:$A$60,$A32,$H$5:$H$60,"Yes"),1,(_xlfn.MAXIFS($J$5:$J$60,$A$5:$A$60,$A32,$H$5:$H$60,"Yes")-$J32)/(_xlfn.MAXIFS($J$5:$J$60,$A$5:$A$60,$A32,$H$5:$H$60,"Yes")-_xlfn.MINIFS($J$5:$J$60,$A$5:$A$60,$A32,$H$5:$H$60,"Yes")))) | R32: =IF($H32<>"Yes","",IFERROR(ROUND(100*(IF($N32="",0,Weights!$B$5*$N32)+IF($O32="",0,Weights!$B$6*$O32)+IF($P32="",0,Weights!$B$7*$P32)+IF($Q32="",0,Weights!$B$8*$Q32))/(IF($N32="",0,Weights!$B$5)+IF($O32="",0,Weights!$B$6)+IF($P32="",0,Weights!$B$7)+IF($Q32="",0,Weights!$B$8)),2),"")) -> 42.8 | S32: =IF($R32="","",COUNTIFS($A$5:$A$60,$A32,$R$5:$R$60,">"&$R32)+1) -> 3 | T32: =IF(OR($H32<>"Yes",$E32=""),"",COUNTIFS($A$5:$A$60,$A32,$H$5:$H$60,"Yes",$E$5:$E$60,"<"&$E32)+1) -> 3 | U32: =IF($S32="","",$A32&"|"&$S32) -> 10|3 | V32: =IF($T32="","",$A32&"|"&$T32) -> 10|3 | W32: =IF($B32="","",$B32&"|"&$D32) -> Women's Flat Sandals|Amazon
A33: 10 | B33: Women's Flat Sandals | C33: Footwear | D33: Flipkart | E33: 200 | F33: No Warranty | G33: 4.1 | H33: Yes | I33: 46312 | K33: Open | L33: Image | M33: =IF($F33="","",IF(ISNUMBER(SEARCH("no warranty",$F33)),0,IF(ISNUMBER(SEARCH("year",$F33)),12*VALUE(LEFT($F33,FIND(" ",$F33)-1)),IF(ISNUMBER(SEARCH("month",$F33)),VALUE(LEFT($F33,FIND(" ",$F33)-1)),"")))) -> 0 | N33: =IF(OR($H33<>"Yes",$E33=""),"",IF(_xlfn.MAXIFS($E$5:$E$60,$A$5:$A$60,$A33,$H$5:$H$60,"Yes")=_xlfn.MINIFS($E$5:$E$60,$A$5:$A$60,$A33,$H$5:$H$60,"Yes"),1,(_xlfn.MAXIFS($E$5:$E$60,$A$5:$A$60,$A33,$H$5:$H$60,"Yes")-$E33)/(_xlfn.MAXIFS($E$5:$E$60,$A$5:$A$60,$A33,$H$5:$H$60,"Yes")-_xlfn.MINIFS($E$5:$E$60,$A$5:$A$60,$A33,$H$5:$H$60,"Yes")))) -> 0.5 | O33: =IF(OR($H33<>"Yes",$G33=""),"",IF(Weights!$B$10="Relative",IF(_xlfn.MAXIFS($G$5:$G$60,$A$5:$A$60,$A33,$H$5:$H$60,"Yes")=_xlfn.MINIFS($G$5:$G$60,$A$5:$A$60,$A33,$H$5:$H$60,"Yes"),1,($G33-_xlfn.MINIFS($G$5:$G$60,$A$5:$A$60,$A33,$H$5:$H$60,"Yes"))/(_xlfn.MAXIFS($G$5:$G$60,$A$5:$A$60,$A33,$H$5:$H$60,"Yes")-_xlfn.MINIFS($G$5:$G$60,$A$5:$A$60,$A33,$H$5:$H$60,"Yes"))),$G33/5)) -> 0.82 | P33: =IF(OR($H33<>"Yes",$M33=""),"",IF(_xlfn.MAXIFS($M$5:$M$60,$A$5:$A$60,$A33,$H$5:$H$60,"Yes")=_xlfn.MINIFS($M$5:$M$60,$A$5:$A$60,$A33,$H$5:$H$60,"Yes"),1,($M33-_xlfn.MINIFS($M$5:$M$60,$A$5:$A$60,$A33,$H$5:$H$60,"Yes"))/(_xlfn.MAXIFS($M$5:$M$60,$A$5:$A$60,$A33,$H$5:$H$60,"Yes")-_xlfn.MINIFS($M$5:$M$60,$A$5:$A$60,$A33,$H$5:$H$60,"Yes")))) -> 1 | Q33: =IF(OR($H33<>"Yes",$J33=""),"",IF(_xlfn.MAXIFS($J$5:$J$60,$A$5:$A$60,$A33,$H$5:$H$60,"Yes")=_xlfn.MINIFS($J$5:$J$60,$A$5:$A$60,$A33,$H$5:$H$60,"Yes"),1,(_xlfn.MAXIFS($J$5:$J$60,$A$5:$A$60,$A33,$H$5:$H$60,"Yes")-$J33)/(_xlfn.MAXIFS($J$5:$J$60,$A$5:$A$60,$A33,$H$5:$H$60,"Yes")-_xlfn.MINIFS($J$5:$J$60,$A$5:$A$60,$A33,$H$5:$H$60,"Yes")))) | R33: =IF($H33<>"Yes","",IFERROR(ROUND(100*(IF($N33="",0,Weights!$B$5*$N33)+IF($O33="",0,Weights!$B$6*$O33)+IF($P33="",0,Weights!$B$7*$P33)+IF($Q33="",0,Weights!$B$8*$Q33))/(IF($N33="",0,Weights!$B$5)+IF($O33="",0,Weights!$B$6)+IF($P33="",0,Weights!$B$7)+IF($Q33="",0,Weights!$B$8)),2),"")) -> 69.6 | S33: =IF($R33="","",COUNTIFS($A$5:$A$60,$A33,$R$5:$R$60,">"&$R33)+1) -> 2 | T33: =IF(OR($H33<>"Yes",$E33=""),"",COUNTIFS($A$5:$A$60,$A33,$H$5:$H$60,"Yes",$E$5:$E$60,"<"&$E33)+1) -> 2 | U33: =IF($S33="","",$A33&"|"&$S33) -> 10|2 | V33: =IF($T33="","",$A33&"|"&$T33) -> 10|2 | W33: =IF($B33="","",$B33&"|"&$D33) -> Women's Flat Sandals|Flipkart
A34: 10 | B34: Women's Flat Sandals | C34: Footwear | D34: Meesho | E34: 150 | F34: No Warranty | G34: 4 | H34: Yes | I34: 46312 | K34: Open | L34: Image | M34: =IF($F34="","",IF(ISNUMBER(SEARCH("no warranty",$F34)),0,IF(ISNUMBER(SEARCH("year",$F34)),12*VALUE(LEFT($F34,FIND(" ",$F34)-1)),IF(ISNUMBER(SEARCH("month",$F34)),VALUE(LEFT($F34,FIND(" ",$F34)-1)),"")))) -> 0 | N34: =IF(OR($H34<>"Yes",$E34=""),"",IF(_xlfn.MAXIFS($E$5:$E$60,$A$5:$A$60,$A34,$H$5:$H$60,"Yes")=_xlfn.MINIFS($E$5:$E$60,$A$5:$A$60,$A34,$H$5:$H$60,"Yes"),1,(_xlfn.MAXIFS($E$5:$E$60,$A$5:$A$60,$A34,$H$5:$H$60,"Yes")-$E34)/(_xlfn.MAXIFS($E$5:$E$60,$A$5:$A$60,$A34,$H$5:$H$60,"Yes")-_xlfn.MINIFS($E$5:$E$60,$A$5:$A$60,$A34,$H$5:$H$60,"Yes")))) -> 1 | O34: =IF(OR($H34<>"Yes",$G34=""),"",IF(Weights!$B$10="Relative",IF(_xlfn.MAXIFS($G$5:$G$60,$A$5:$A$60,$A34,$H$5:$H$60,"Yes")=_xlfn.MINIFS($G$5:$G$60,$A$5:$A$60,$A34,$H$5:$H$60,"Yes"),1,($G34-_xlfn.MINIFS($G$5:$G$60,$A$5:$A$60,$A34,$H$5:$H$60,"Yes"))/(_xlfn.MAXIFS($G$5:$G$60,$A$5:$A$60,$A34,$H$5:$H$60,"Yes")-_xlfn.MINIFS($G$5:$G$60,$A$5:$A$60,$A34,$H$5:$H$60,"Yes"))),$G34/5)) -> 0.8 | P34: =IF(OR($H34<>"Yes",$M34=""),"",IF(_xlfn.MAXIFS($M$5:$M$60,$A$5:$A$60,$A34,$H$5:$H$60,"Yes")=_xlfn.MINIFS($M$5:$M$60,$A$5:$A$60,$A34,$H$5:$H$60,"Yes"),1,($M34-_xlfn.MINIFS($M$5:$M$60,$A$5:$A$60,$A34,$H$5:$H$60,"Yes"))/(_xlfn.MAXIFS($M$5:$M$60,$A$5:$A$60,$A34,$H$5:$H$60,"Yes")-_xlfn.MINIFS($M$5:$M$60,$A$5:$A$60,$A34,$H$5:$H$60,"Yes")))) -> 1 | Q34: =IF(OR($H34<>"Yes",$J34=""),"",IF(_xlfn.MAXIFS($J$5:$J$60,$A$5:$A$60,$A34,$H$5:$H$60,"Yes")=_xlfn.MINIFS($J$5:$J$60,$A$5:$A$60,$A34,$H$5:$H$60,"Yes"),1,(_xlfn.MAXIFS($J$5:$J$60,$A$5:$A$60,$A34,$H$5:$H$60,"Yes")-$J34)/(_xlfn.MAXIFS($J$5:$J$60,$A$5:$A$60,$A34,$H$5:$H$60,"Yes")-_xlfn.MINIFS($J$5:$J$60,$A$5:$A$60,$A34,$H$5:$H$60,"Yes")))) | R34: =IF($H34<>"Yes","",IFERROR(ROUND(100*(IF($N34="",0,Weights!$B$5*$N34)+IF($O34="",0,Weights!$B$6*$O34)+IF($P34="",0,Weights!$B$7*$P34)+IF($Q34="",0,Weights!$B$8*$Q34))/(IF($N34="",0,Weights!$B$5)+IF($O34="",0,Weights!$B$6)+IF($P34="",0,Weights!$B$7)+IF($Q34="",0,Weights!$B$8)),2),"")) -> 94 | S34: =IF($R34="","",COUNTIFS($A$5:$A$60,$A34,$R$5:$R$60,">"&$R34)+1) -> 1 | T34: =IF(OR($H34<>"Yes",$E34=""),"",COUNTIFS($A$5:$A$60,$A34,$H$5:$H$60,"Yes",$E$5:$E$60,"<"&$E34)+1) -> 1 | U34: =IF($S34="","",$A34&"|"&$S34) -> 10|1 | V34: =IF($T34="","",$A34&"|"&$T34) -> 10|1 | W34: =IF($B34="","",$B34&"|"&$D34) -> Women's Flat Sandals|Meesho
A35: 11 | B35: Women's Analog Wrist Watch Metal Strap | C35: Watches | D35: Amazon | E35: 1995 | F35: 2 year | G35: 4.1 | H35: Yes | I35: 46312 | K35: Open | L35: Image | M35: =IF($F35="","",IF(ISNUMBER(SEARCH("no warranty",$F35)),0,IF(ISNUMBER(SEARCH("year",$F35)),12*VALUE(LEFT($F35,FIND(" ",$F35)-1)),IF(ISNUMBER(SEARCH("month",$F35)),VALUE(LEFT($F35,FIND(" ",$F35)-1)),"")))) -> 24 | N35: =IF(OR($H35<>"Yes",$E35=""),"",IF(_xlfn.MAXIFS($E$5:$E$60,$A$5:$A$60,$A35,$H$5:$H$60,"Yes")=_xlfn.MINIFS($E$5:$E$60,$A$5:$A$60,$A35,$H$5:$H$60,"Yes"),1,(_xlfn.MAXIFS($E$5:$E$60,$A$5:$A$60,$A35,$H$5:$H$60,"Yes")-$E35)/(_xlfn.MAXIFS($E$5:$E$60,$A$5:$A$60,$A35,$H$5:$H$60,"Yes")-_xlfn.MINIFS($E$5:$E$60,$A$5:$A$60,$A35,$H$5:$H$60,"Yes")))) -> 1 | O35: =IF(OR($H35<>"Yes",$G35=""),"",IF(Weights!$B$10="Relative",IF(_xlfn.MAXIFS($G$5:$G$60,$A$5:$A$60,$A35,$H$5:$H$60,"Yes")=_xlfn.MINIFS($G$5:$G$60,$A$5:$A$60,$A35,$H$5:$H$60,"Yes"),1,($G35-_xlfn.MINIFS($G$5:$G$60,$A$5:$A$60,$A35,$H$5:$H$60,"Yes"))/(_xlfn.MAXIFS($G$5:$G$60,$A$5:$A$60,$A35,$H$5:$H$60,"Yes")-_xlfn.MINIFS($G$5:$G$60,$A$5:$A$60,$A35,$H$5:$H$60,"Yes"))),$G35/5)) -> 0.82 | P35: =IF(OR($H35<>"Yes",$M35=""),"",IF(_xlfn.MAXIFS($M$5:$M$60,$A$5:$A$60,$A35,$H$5:$H$60,"Yes")=_xlfn.MINIFS($M$5:$M$60,$A$5:$A$60,$A35,$H$5:$H$60,"Yes"),1,($M35-_xlfn.MINIFS($M$5:$M$60,$A$5:$A$60,$A35,$H$5:$H$60,"Yes"))/(_xlfn.MAXIFS($M$5:$M$60,$A$5:$A$60,$A35,$H$5:$H$60,"Yes")-_xlfn.MINIFS($M$5:$M$60,$A$5:$A$60,$A35,$H$5:$H$60,"Yes")))) -> 1 | Q35: =IF(OR($H35<>"Yes",$J35=""),"",IF(_xlfn.MAXIFS($J$5:$J$60,$A$5:$A$60,$A35,$H$5:$H$60,"Yes")=_xlfn.MINIFS($J$5:$J$60,$A$5:$A$60,$A35,$H$5:$H$60,"Yes"),1,(_xlfn.MAXIFS($J$5:$J$60,$A$5:$A$60,$A35,$H$5:$H$60,"Yes")-$J35)/(_xlfn.MAXIFS($J$5:$J$60,$A$5:$A$60,$A35,$H$5:$H$60,"Yes")-_xlfn.MINIFS($J$5:$J$60,$A$5:$A$60,$A35,$H$5:$H$60,"Yes")))) | R35: =IF($H35<>"Yes","",IFERROR(ROUND(100*(IF($N35="",0,Weights!$B$5*$N35)+IF($O35="",0,Weights!$B$6*$O35)+IF($P35="",0,Weights!$B$7*$P35)+IF($Q35="",0,Weights!$B$8*$Q35))/(IF($N35="",0,Weights!$B$5)+IF($O35="",0,Weights!$B$6)+IF($P35="",0,Weights!$B$7)+IF($Q35="",0,Weights!$B$8)),2),"")) -> 94.6 | S35: =IF($R35="","",COUNTIFS($A$5:$A$60,$A35,$R$5:$R$60,">"&$R35)+1) -> 1 | T35: =IF(OR($H35<>"Yes",$E35=""),"",COUNTIFS($A$5:$A$60,$A35,$H$5:$H$60,"Yes",$E$5:$E$60,"<"&$E35)+1) -> 1 | U35: =IF($S35="","",$A35&"|"&$S35) -> 11|1 | V35: =IF($T35="","",$A35&"|"&$T35) -> 11|1 | W35: =IF($B35="","",$B35&"|"&$D35) -> Women's Analog Wrist Watch Metal Strap|Amazon
A36: 11 | B36: Women's Analog Wrist Watch Metal Strap | C36: Watches | D36: Flipkart | E36: 2200 | F36: 1 year | G36: 4.3 | H36: Yes | I36: 46312 | K36: Open | L36: Image | M36: =IF($F36="","",IF(ISNUMBER(SEARCH("no warranty",$F36)),0,IF(ISNUMBER(SEARCH("year",$F36)),12*VALUE(LEFT($F36,FIND(" ",$F36)-1)),IF(ISNUMBER(SEARCH("month",$F36)),VALUE(LEFT($F36,FIND(" ",$F36)-1)),"")))) -> 12 | N36: =IF(OR($H36<>"Yes",$E36=""),"",IF(_xlfn.MAXIFS($E$5:$E$60,$A$5:$A$60,$A36,$H$5:$H$60,"Yes")=_xlfn.MINIFS($E$5:$E$60,$A$5:$A$60,$A36,$H$5:$H$60,"Yes"),1,(_xlfn.MAXIFS($E$5:$E$60,$A$5:$A$60,$A36,$H$5:$H$60,"Yes")-$E36)/(_xlfn.MAXIFS($E$5:$E$60,$A$5:$A$60,$A36,$H$5:$H$60,"Yes")-_xlfn.MINIFS($E$5:$E$60,$A$5:$A$60,$A36,$H$5:$H$60,"Yes")))) -> 0 | O36: =IF(OR($H36<>"Yes",$G36=""),"",IF(Weights!$B$10="Relative",IF(_xlfn.MAXIFS($G$5:$G$60,$A$5:$A$60,$A36,$H$5:$H$60,"Yes")=_xlfn.MINIFS($G$5:$G$60,$A$5:$A$60,$A36,$H$5:$H$60,"Yes"),1,($G36-_xlfn.MINIFS($G$5:$G$60,$A$5:$A$60,$A36,$H$5:$H$60,"Yes"))/(_xlfn.MAXIFS($G$5:$G$60,$A$5:$A$60,$A36,$H$5:$H$60,"Yes")-_xlfn.MINIFS($G$5:$G$60,$A$5:$A$60,$A36,$H$5:$H$60,"Yes"))),$G36/5)) -> 0.86 | P36: =IF(OR($H36<>"Yes",$M36=""),"",IF(_xlfn.MAXIFS($M$5:$M$60,$A$5:$A$60,$A36,$H$5:$H$60,"Yes")=_xlfn.MINIFS($M$5:$M$60,$A$5:$A$60,$A36,$H$5:$H$60,"Yes"),1,($M36-_xlfn.MINIFS($M$5:$M$60,$A$5:$A$60,$A36,$H$5:$H$60,"Yes"))/(_xlfn.MAXIFS($M$5:$M$60,$A$5:$A$60,$A36,$H$5:$H$60,"Yes")-_xlfn.MINIFS($M$5:$M$60,$A$5:$A$60,$A36,$H$5:$H$60,"Yes")))) -> 0 | Q36: =IF(OR($H36<>"Yes",$J36=""),"",IF(_xlfn.MAXIFS($J$5:$J$60,$A$5:$A$60,$A36,$H$5:$H$60,"Yes")=_xlfn.MINIFS($J$5:$J$60,$A$5:$A$60,$A36,$H$5:$H$60,"Yes"),1,(_xlfn.MAXIFS($J$5:$J$60,$A$5:$A$60,$A36,$H$5:$H$60,"Yes")-$J36)/(_xlfn.MAXIFS($J$5:$J$60,$A$5:$A$60,$A36,$H$5:$H$60,"Yes")-_xlfn.MINIFS($J$5:$J$60,$A$5:$A$60,$A36,$H$5:$H$60,"Yes")))) | R36: =IF($H36<>"Yes","",IFERROR(ROUND(100*(IF($N36="",0,Weights!$B$5*$N36)+IF($O36="",0,Weights!$B$6*$O36)+IF($P36="",0,Weights!$B$7*$P36)+IF($Q36="",0,Weights!$B$8*$Q36))/(IF($N36="",0,Weights!$B$5)+IF($O36="",0,Weights!$B$6)+IF($P36="",0,Weights!$B$7)+IF($Q36="",0,Weights!$B$8)),2),"")) -> 25.8 | S36: =IF($R36="","",COUNTIFS($A$5:$A$60,$A36,$R$5:$R$60,">"&$R36)+1) -> 2 | T36: =IF(OR($H36<>"Yes",$E36=""),"",COUNTIFS($A$5:$A$60,$A36,$H$5:$H$60,"Yes",$E$5:$E$60,"<"&$E36)+1) -> 2 | U36: =IF($S36="","",$A36&"|"&$S36) -> 11|2 | V36: =IF($T36="","",$A36&"|"&$T36) -> 11|2 | W36: =IF($B36="","",$B36&"|"&$D36) -> Women's Analog Wrist Watch Metal Strap|Flipkart
A37: 11 | B37: Women's Analog Wrist Watch Metal Strap | C37: Watches | D37: Meesho | E37: 1700 | F37: 1 year | G37: 4.2 | H37: No | I37: 46312 | L37: Image | M37: =IF($F37="","",IF(ISNUMBER(SEARCH("no warranty",$F37)),0,IF(ISNUMBER(SEARCH("year",$F37)),12*VALUE(LEFT($F37,FIND(" ",$F37)-1)),IF(ISNUMBER(SEARCH("month",$F37)),VALUE(LEFT($F37,FIND(" ",$F37)-1)),"")))) -> 12 | N37: =IF(OR($H37<>"Yes",$E37=""),"",IF(_xlfn.MAXIFS($E$5:$E$60,$A$5:$A$60,$A37,$H$5:$H$60,"Yes")=_xlfn.MINIFS($E$5:$E$60,$A$5:$A$60,$A37,$H$5:$H$60,"Yes"),1,(_xlfn.MAXIFS($E$5:$E$60,$A$5:$A$60,$A37,$H$5:$H$60,"Yes")-$E37)/(_xlfn.MAXIFS($E$5:$E$60,$A$5:$A$60,$A37,$H$5:$H$60,"Yes")-_xlfn.MINIFS($E$5:$E$60,$A$5:$A$60,$A37,$H$5:$H$60,"Yes")))) | O37: =IF(OR($H37<>"Yes",$G37=""),"",IF(Weights!$B$10="Relative",IF(_xlfn.MAXIFS($G$5:$G$60,$A$5:$A$60,$A37,$H$5:$H$60,"Yes")=_xlfn.MINIFS($G$5:$G$60,$A$5:$A$60,$A37,$H$5:$H$60,"Yes"),1,($G37-_xlfn.MINIFS($G$5:$G$60,$A$5:$A$60,$A37,$H$5:$H$60,"Yes"))/(_xlfn.MAXIFS($G$5:$G$60,$A$5:$A$60,$A37,$H$5:$H$60,"Yes")-_xlfn.MINIFS($G$5:$G$60,$A$5:$A$60,$A37,$H$5:$H$60,"Yes"))),$G37/5)) | P37: =IF(OR($H37<>"Yes",$M37=""),"",IF(_xlfn.MAXIFS($M$5:$M$60,$A$5:$A$60,$A37,$H$5:$H$60,"Yes")=_xlfn.MINIFS($M$5:$M$60,$A$5:$A$60,$A37,$H$5:$H$60,"Yes"),1,($M37-_xlfn.MINIFS($M$5:$M$60,$A$5:$A$60,$A37,$H$5:$H$60,"Yes"))/(_xlfn.MAXIFS($M$5:$M$60,$A$5:$A$60,$A37,$H$5:$H$60,"Yes")-_xlfn.MINIFS($M$5:$M$60,$A$5:$A$60,$A37,$H$5:$H$60,"Yes")))) | Q37: =IF(OR($H37<>"Yes",$J37=""),"",IF(_xlfn.MAXIFS($J$5:$J$60,$A$5:$A$60,$A37,$H$5:$H$60,"Yes")=_xlfn.MINIFS($J$5:$J$60,$A$5:$A$60,$A37,$H$5:$H$60,"Yes"),1,(_xlfn.MAXIFS($J$5:$J$60,$A$5:$A$60,$A37,$H$5:$H$60,"Yes")-$J37)/(_xlfn.MAXIFS($J$5:$J$60,$A$5:$A$60,$A37,$H$5:$H$60,"Yes")-_xlfn.MINIFS($J$5:$J$60,$A$5:$A$60,$A37,$H$5:$H$60,"Yes")))) | R37: =IF($H37<>"Yes","",IFERROR(ROUND(100*(IF($N37="",0,Weights!$B$5*$N37)+IF($O37="",0,Weights!$B$6*$O37)+IF($P37="",0,Weights!$B$7*$P37)+IF($Q37="",0,Weights!$B$8*$Q37))/(IF($N37="",0,Weights!$B$5)+IF($O37="",0,Weights!$B$6)+IF($P37="",0,Weights!$B$7)+IF($Q37="",0,Weights!$B$8)),2),"")) | S37: =IF($R37="","",COUNTIFS($A$5:$A$60,$A37,$R$5:$R$60,">"&$R37)+1) | T37: =IF(OR($H37<>"Yes",$E37=""),"",COUNTIFS($A$5:$A$60,$A37,$H$5:$H$60,"Yes",$E$5:$E$60,"<"&$E37)+1) | U37: =IF($S37="","",$A37&"|"&$S37) | V37: =IF($T37="","",$A37&"|"&$T37) | W37: =IF($B37="","",$B37&"|"&$D37) -> Women's Analog Wrist Watch Metal Strap|Meesho
A38: 12 | B38: Men's Digital Sports Watch | C38: Watches | D38: Amazon | E38: 260 | F38: No Warranty | G38: 3.5 | H38: Yes | I38: 46312 | K38: Open | L38: Image | M38: =IF($F38="","",IF(ISNUMBER(SEARCH("no warranty",$F38)),0,IF(ISNUMBER(SEARCH("year",$F38)),12*VALUE(LEFT($F38,FIND(" ",$F38)-1)),IF(ISNUMBER(SEARCH("month",$F38)),VALUE(LEFT($F38,FIND(" ",$F38)-1)),"")))) -> 0 | N38: =IF(OR($H38<>"Yes",$E38=""),"",IF(_xlfn.MAXIFS($E$5:$E$60,$A$5:$A$60,$A38,$H$5:$H$60,"Yes")=_xlfn.MINIFS($E$5:$E$60,$A$5:$A$60,$A38,$H$5:$H$60,"Yes"),1,(_xlfn.MAXIFS($E$5:$E$60,$A$5:$A$60,$A38,$H$5:$H$60,"Yes")-$E38)/(_xlfn.MAXIFS($E$5:$E$60,$A$5:$A$60,$A38,$H$5:$H$60,"Yes")-_xlfn.MINIFS($E$5:$E$60,$A$5:$A$60,$A38,$H$5:$H$60,"Yes")))) -> 1 | O38: =IF(OR($H38<>"Yes",$G38=""),"",IF(Weights!$B$10="Relative",IF(_xlfn.MAXIFS($G$5:$G$60,$A$5:$A$60,$A38,$H$5:$H$60,"Yes")=_xlfn.MINIFS($G$5:$G$60,$A$5:$A$60,$A38,$H$5:$H$60,"Yes"),1,($G38-_xlfn.MINIFS($G$5:$G$60,$A$5:$A$60,$A38,$H$5:$H$60,"Yes"))/(_xlfn.MAXIFS($G$5:$G$60,$A$5:$A$60,$A38,$H$5:$H$60,"Yes")-_xlfn.MINIFS($G$5:$G$60,$A$5:$A$60,$A38,$H$5:$H$60,"Yes"))),$G38/5)) -> 0.7 | P38: =IF(OR($H38<>"Yes",$M38=""),"",IF(_xlfn.MAXIFS($M$5:$M$60,$A$5:$A$60,$A38,$H$5:$H$60,"Yes")=_xlfn.MINIFS($M$5:$M$60,$A$5:$A$60,$A38,$H$5:$H$60,"Yes"),1,($M38-_xlfn.MINIFS($M$5:$M$60,$A$5:$A$60,$A38,$H$5:$H$60,"Yes"))/(_xlfn.MAXIFS($M$5:$M$60,$A$5:$A$60,$A38,$H$5:$H$60,"Yes")-_xlfn.MINIFS($M$5:$M$60,$A$5:$A$60,$A38,$H$5:$H$60,"Yes")))) -> 0 | Q38: =IF(OR($H38<>"Yes",$J38=""),"",IF(_xlfn.MAXIFS($J$5:$J$60,$A$5:$A$60,$A38,$H$5:$H$60,"Yes")=_xlfn.MINIFS($J$5:$J$60,$A$5:$A$60,$A38,$H$5:$H$60,"Yes"),1,(_xlfn.MAXIFS($J$5:$J$60,$A$5:$A$60,$A38,$H$5:$H$60,"Yes")-$J38)/(_xlfn.MAXIFS($J$5:$J$60,$A$5:$A$60,$A38,$H$5:$H$60,"Yes")-_xlfn.MINIFS($J$5:$J$60,$A$5:$A$60,$A38,$H$5:$H$60,"Yes")))) | R38: =IF($H38<>"Yes","",IFERROR(ROUND(100*(IF($N38="",0,Weights!$B$5*$N38)+IF($O38="",0,Weights!$B$6*$O38)+IF($P38="",0,Weights!$B$7*$P38)+IF($Q38="",0,Weights!$B$8*$Q38))/(IF($N38="",0,Weights!$B$5)+IF($O38="",0,Weights!$B$6)+IF($P38="",0,Weights!$B$7)+IF($Q38="",0,Weights!$B$8)),2),"")) -> 71 | S38: =IF($R38="","",COUNTIFS($A$5:$A$60,$A38,$R$5:$R$60,">"&$R38)+1) -> 1 | T38: =IF(OR($H38<>"Yes",$E38=""),"",COUNTIFS($A$5:$A$60,$A38,$H$5:$H$60,"Yes",$E$5:$E$60,"<"&$E38)+1) -> 1 | U38: =IF($S38="","",$A38&"|"&$S38) -> 12|1 | V38: =IF($T38="","",$A38&"|"&$T38) -> 12|1 | W38: =IF($B38="","",$B38&"|"&$D38) -> Men's Digital Sports Watch|Amazon
A39: 12 | B39: Men's Digital Sports Watch | C39: Watches | D39: Flipkart | E39: 300 | F39: 1 year | G39: 4 | H39: Yes | I39: 46312 | K39: Open | L39: Image | M39: =IF($F39="","",IF(ISNUMBER(SEARCH("no warranty",$F39)),0,IF(ISNUMBER(SEARCH("year",$F39)),12*VALUE(LEFT($F39,FIND(" ",$F39)-1)),IF(ISNUMBER(SEARCH("month",$F39)),VALUE(LEFT($F39,FIND(" ",$F39)-1)),"")))) -> 12 | N39: =IF(OR($H39<>"Yes",$E39=""),"",IF(_xlfn.MAXIFS($E$5:$E$60,$A$5:$A$60,$A39,$H$5:$H$60,"Yes")=_xlfn.MINIFS($E$5:$E$60,$A$5:$A$60,$A39,$H$5:$H$60,"Yes"),1,(_xlfn.MAXIFS($E$5:$E$60,$A$5:$A$60,$A39,$H$5:$H$60,"Yes")-$E39)/(_xlfn.MAXIFS($E$5:$E$60,$A$5:$A$60,$A39,$H$5:$H$60,"Yes")-_xlfn.MINIFS($E$5:$E$60,$A$5:$A$60,$A39,$H$5:$H$60,"Yes")))) -> 0 | O39: =IF(OR($H39<>"Yes",$G39=""),"",IF(Weights!$B$10="Relative",IF(_xlfn.MAXIFS($G$5:$G$60,$A$5:$A$60,$A39,$H$5:$H$60,"Yes")=_xlfn.MINIFS($G$5:$G$60,$A$5:$A$60,$A39,$H$5:$H$60,"Yes"),1,($G39-_xlfn.MINIFS($G$5:$G$60,$A$5:$A$60,$A39,$H$5:$H$60,"Yes"))/(_xlfn.MAXIFS($G$5:$G$60,$A$5:$A$60,$A39,$H$5:$H$60,"Yes")-_xlfn.MINIFS($G$5:$G$60,$A$5:$A$60,$A39,$H$5:$H$60,"Yes"))),$G39/5)) -> 0.8 | P39: =IF(OR($H39<>"Yes",$M39=""),"",IF(_xlfn.MAXIFS($M$5:$M$60,$A$5:$A$60,$A39,$H$5:$H$60,"Yes")=_xlfn.MINIFS($M$5:$M$60,$A$5:$A$60,$A39,$H$5:$H$60,"Yes"),1,($M39-_xlfn.MINIFS($M$5:$M$60,$A$5:$A$60,$A39,$H$5:$H$60,"Yes"))/(_xlfn.MAXIFS($M$5:$M$60,$A$5:$A$60,$A39,$H$5:$H$60,"Yes")-_xlfn.MINIFS($M$5:$M$60,$A$5:$A$60,$A39,$H$5:$H$60,"Yes")))) -> 1 | Q39: =IF(OR($H39<>"Yes",$J39=""),"",IF(_xlfn.MAXIFS($J$5:$J$60,$A$5:$A$60,$A39,$H$5:$H$60,"Yes")=_xlfn.MINIFS($J$5:$J$60,$A$5:$A$60,$A39,$H$5:$H$60,"Yes"),1,(_xlfn.MAXIFS($J$5:$J$60,$A$5:$A$60,$A39,$H$5:$H$60,"Yes")-$J39)/(_xlfn.MAXIFS($J$5:$J$60,$A$5:$A$60,$A39,$H$5:$H$60,"Yes")-_xlfn.MINIFS($J$5:$J$60,$A$5:$A$60,$A39,$H$5:$H$60,"Yes")))) | R39: =IF($H39<>"Yes","",IFERROR(ROUND(100*(IF($N39="",0,Weights!$B$5*$N39)+IF($O39="",0,Weights!$B$6*$O39)+IF($P39="",0,Weights!$B$7*$P39)+IF($Q39="",0,Weights!$B$8*$Q39))/(IF($N39="",0,Weights!$B$5)+IF($O39="",0,Weights!$B$6)+IF($P39="",0,Weights!$B$7)+IF($Q39="",0,Weights!$B$8)),2),"")) -> 44 | S39: =IF($R39="","",COUNTIFS($A$5:$A$60,$A39,$R$5:$R$60,">"&$R39)+1) -> 2 | T39: =IF(OR($H39<>"Yes",$E39=""),"",COUNTIFS($A$5:$A$60,$A39,$H$5:$H$60,"Yes",$E$5:$E$60,"<"&$E39)+1) -> 2 | U39: =IF($S39="","",$A39&"|"&$S39) -> 12|2 | V39: =IF($T39="","",$A39&"|"&$T39) -> 12|2 | W39: =IF($B39="","",$B39&"|"&$D39) -> Men's Digital Sports Watch|Flipkart
A40: 12 | B40: Men's Digital Sports Watch | C40: Watches | D40: Meesho | E40: 265 | F40: No Warranty | G40: 4.2 | H40: No | I40: 46312 | L40: Image | M40: =IF($F40="","",IF(ISNUMBER(SEARCH("no warranty",$F40)),0,IF(ISNUMBER(SEARCH("year",$F40)),12*VALUE(LEFT($F40,FIND(" ",$F40)-1)),IF(ISNUMBER(SEARCH("month",$F40)),VALUE(LEFT($F40,FIND(" ",$F40)-1)),"")))) -> 0 | N40: =IF(OR($H40<>"Yes",$E40=""),"",IF(_xlfn.MAXIFS($E$5:$E$60,$A$5:$A$60,$A40,$H$5:$H$60,"Yes")=_xlfn.MINIFS($E$5:$E$60,$A$5:$A$60,$A40,$H$5:$H$60,"Yes"),1,(_xlfn.MAXIFS($E$5:$E$60,$A$5:$A$60,$A40,$H$5:$H$60,"Yes")-$E40)/(_xlfn.MAXIFS($E$5:$E$60,$A$5:$A$60,$A40,$H$5:$H$60,"Yes")-_xlfn.MINIFS($E$5:$E$60,$A$5:$A$60,$A40,$H$5:$H$60,"Yes")))) | O40: =IF(OR($H40<>"Yes",$G40=""),"",IF(Weights!$B$10="Relative",IF(_xlfn.MAXIFS($G$5:$G$60,$A$5:$A$60,$A40,$H$5:$H$60,"Yes")=_xlfn.MINIFS($G$5:$G$60,$A$5:$A$60,$A40,$H$5:$H$60,"Yes"),1,($G40-_xlfn.MINIFS($G$5:$G$60,$A$5:$A$60,$A40,$H$5:$H$60,"Yes"))/(_xlfn.MAXIFS($G$5:$G$60,$A$5:$A$60,$A40,$H$5:$H$60,"Yes")-_xlfn.MINIFS($G$5:$G$60,$A$5:$A$60,$A40,$H$5:$H$60,"Yes"))),$G40/5)) | P40: =IF(OR($H40<>"Yes",$M40=""),"",IF(_xlfn.MAXIFS($M$5:$M$60,$A$5:$A$60,$A40,$H$5:$H$60,"Yes")=_xlfn.MINIFS($M$5:$M$60,$A$5:$A$60,$A40,$H$5:$H$60,"Yes"),1,($M40-_xlfn.MINIFS($M$5:$M$60,$A$5:$A$60,$A40,$H$5:$H$60,"Yes"))/(_xlfn.MAXIFS($M$5:$M$60,$A$5:$A$60,$A40,$H$5:$H$60,"Yes")-_xlfn.MINIFS($M$5:$M$60,$A$5:$A$60,$A40,$H$5:$H$60,"Yes")))) | Q40: =IF(OR($H40<>"Yes",$J40=""),"",IF(_xlfn.MAXIFS($J$5:$J$60,$A$5:$A$60,$A40,$H$5:$H$60,"Yes")=_xlfn.MINIFS($J$5:$J$60,$A$5:$A$60,$A40,$H$5:$H$60,"Yes"),1,(_xlfn.MAXIFS($J$5:$J$60,$A$5:$A$60,$A40,$H$5:$H$60,"Yes")-$J40)/(_xlfn.MAXIFS($J$5:$J$60,$A$5:$A$60,$A40,$H$5:$H$60,"Yes")-_xlfn.MINIFS($J$5:$J$60,$A$5:$A$60,$A40,$H$5:$H$60,"Yes")))) | R40: =IF($H40<>"Yes","",IFERROR(ROUND(100*(IF($N40="",0,Weights!$B$5*$N40)+IF($O40="",0,Weights!$B$6*$O40)+IF($P40="",0,Weights!$B$7*$P40)+IF($Q40="",0,Weights!$B$8*$Q40))/(IF($N40="",0,Weights!$B$5)+IF($O40="",0,Weights!$B$6)+IF($P40="",0,Weights!$B$7)+IF($Q40="",0,Weights!$B$8)),2),"")) | S40: =IF($R40="","",COUNTIFS($A$5:$A$60,$A40,$R$5:$R$60,">"&$R40)+1) | T40: =IF(OR($H40<>"Yes",$E40=""),"",COUNTIFS($A$5:$A$60,$A40,$H$5:$H$60,"Yes",$E$5:$E$60,"<"&$E40)+1) | U40: =IF($S40="","",$A40&"|"&$S40) | V40: =IF($T40="","",$A40&"|"&$T40) | W40: =IF($B40="","",$B40&"|"&$D40) -> Men's Digital Sports Watch|Meesho
A41: 13 | B41: Women's Sling Bag | C41: Bags | D41: Amazon | E41: 849 | F41: No Warranty | G41: 4.5 | H41: Yes | I41: 46310 | K41: Open | L41: Image | M41: =IF($F41="","",IF(ISNUMBER(SEARCH("no warranty",$F41)),0,IF(ISNUMBER(SEARCH("year",$F41)),12*VALUE(LEFT($F41,FIND(" ",$F41)-1)),IF(ISNUMBER(SEARCH("month",$F41)),VALUE(LEFT($F41,FIND(" ",$F41)-1)),"")))) -> 0 | N41: =IF(OR($H41<>"Yes",$E41=""),"",IF(_xlfn.MAXIFS($E$5:$E$60,$A$5:$A$60,$A41,$H$5:$H$60,"Yes")=_xlfn.MINIFS($E$5:$E$60,$A$5:$A$60,$A41,$H$5:$H$60,"Yes"),1,(_xlfn.MAXIFS($E$5:$E$60,$A$5:$A$60,$A41,$H$5:$H$60,"Yes")-$E41)/(_xlfn.MAXIFS($E$5:$E$60,$A$5:$A$60,$A41,$H$5:$H$60,"Yes")-_xlfn.MINIFS($E$5:$E$60,$A$5:$A$60,$A41,$H$5:$H$60,"Yes")))) -> 0 | O41: =IF(OR($H41<>"Yes",$G41=""),"",IF(Weights!$B$10="Relative",IF(_xlfn.MAXIFS($G$5:$G$60,$A$5:$A$60,$A41,$H$5:$H$60,"Yes")=_xlfn.MINIFS($G$5:$G$60,$A$5:$A$60,$A41,$H$5:$H$60,"Yes"),1,($G41-_xlfn.MINIFS($G$5:$G$60,$A$5:$A$60,$A41,$H$5:$H$60,"Yes"))/(_xlfn.MAXIFS($G$5:$G$60,$A$5:$A$60,$A41,$H$5:$H$60,"Yes")-_xlfn.MINIFS($G$5:$G$60,$A$5:$A$60,$A41,$H$5:$H$60,"Yes"))),$G41/5)) -> 0.9 | P41: =IF(OR($H41<>"Yes",$M41=""),"",IF(_xlfn.MAXIFS($M$5:$M$60,$A$5:$A$60,$A41,$H$5:$H$60,"Yes")=_xlfn.MINIFS($M$5:$M$60,$A$5:$A$60,$A41,$H$5:$H$60,"Yes"),1,($M41-_xlfn.MINIFS($M$5:$M$60,$A$5:$A$60,$A41,$H$5:$H$60,"Yes"))/(_xlfn.MAXIFS($M$5:$M$60,$A$5:$A$60,$A41,$H$5:$H$60,"Yes")-_xlfn.MINIFS($M$5:$M$60,$A$5:$A$60,$A41,$H$5:$H$60,"Yes")))) -> 1 | Q41: =IF(OR($H41<>"Yes",$J41=""),"",IF(_xlfn.MAXIFS($J$5:$J$60,$A$5:$A$60,$A41,$H$5:$H$60,"Yes")=_xlfn.MINIFS($J$5:$J$60,$A$5:$A$60,$A41,$H$5:$H$60,"Yes"),1,(_xlfn.MAXIFS($J$5:$J$60,$A$5:$A$60,$A41,$H$5:$H$60,"Yes")-$J41)/(_xlfn.MAXIFS($J$5:$J$60,$A$5:$A$60,$A41,$H$5:$H$60,"Yes")-_xlfn.MINIFS($J$5:$J$60,$A$5:$A$60,$A41,$H$5:$H$60,"Yes")))) | R41: =IF($H41<>"Yes","",IFERROR(ROUND(100*(IF($N41="",0,Weights!$B$5*$N41)+IF($O41="",0,Weights!$B$6*$O41)+IF($P41="",0,Weights!$B$7*$P41)+IF($Q41="",0,Weights!$B$8*$Q41))/(IF($N41="",0,Weights!$B$5)+IF($O41="",0,Weights!$B$6)+IF($P41="",0,Weights!$B$7)+IF($Q41="",0,Weights!$B$8)),2),"")) -> 47 | S41: =IF($R41="","",COUNTIFS($A$5:$A$60,$A41,$R$5:$R$60,">"&$R41)+1) -> 3 | T41: =IF(OR($H41<>"Yes",$E41=""),"",COUNTIFS($A$5:$A$60,$A41,$H$5:$H$60,"Yes",$E$5:$E$60,"<"&$E41)+1) -> 3 | U41: =IF($S41="","",$A41&"|"&$S41) -> 13|3 | V41: =IF($T41="","",$A41&"|"&$T41) -> 13|3 | W41: =IF($B41="","",$B41&"|"&$D41) -> Women's Sling Bag|Amazon
A42: 13 | B42: Women's Sling Bag | C42: Bags | D42: Flipkart | E42: 399 | F42: No Warranty | G42: 4.5 | H42: Yes | I42: 46310 | K42: Open | L42: Image | M42: =IF($F42="","",IF(ISNUMBER(SEARCH("no warranty",$F42)),0,IF(ISNUMBER(SEARCH("year",$F42)),12*VALUE(LEFT($F42,FIND(" ",$F42)-1)),IF(ISNUMBER(SEARCH("month",$F42)),VALUE(LEFT($F42,FIND(" ",$F42)-1)),"")))) -> 0 | N42: =IF(OR($H42<>"Yes",$E42=""),"",IF(_xlfn.MAXIFS($E$5:$E$60,$A$5:$A$60,$A42,$H$5:$H$60,"Yes")=_xlfn.MINIFS($E$5:$E$60,$A$5:$A$60,$A42,$H$5:$H$60,"Yes"),1,(_xlfn.MAXIFS($E$5:$E$60,$A$5:$A$60,$A42,$H$5:$H$60,"Yes")-$E42)/(_xlfn.MAXIFS($E$5:$E$60,$A$5:$A$60,$A42,$H$5:$H$60,"Yes")-_xlfn.MINIFS($E$5:$E$60,$A$5:$A$60,$A42,$H$5:$H$60,"Yes")))) -> 0.63739377 | O42: =IF(OR($H42<>"Yes",$G42=""),"",IF(Weights!$B$10="Relative",IF(_xlfn.MAXIFS($G$5:$G$60,$A$5:$A$60,$A42,$H$5:$H$60,"Yes")=_xlfn.MINIFS($G$5:$G$60,$A$5:$A$60,$A42,$H$5:$H$60,"Yes"),1,($G42-_xlfn.MINIFS($G$5:$G$60,$A$5:$A$60,$A42,$H$5:$H$60,"Yes"))/(_xlfn.MAXIFS($G$5:$G$60,$A$5:$A$60,$A42,$H$5:$H$60,"Yes")-_xlfn.MINIFS($G$5:$G$60,$A$5:$A$60,$A42,$H$5:$H$60,"Yes"))),$G42/5)) -> 0.9 | P42: =IF(OR($H42<>"Yes",$M42=""),"",IF(_xlfn.MAXIFS($M$5:$M$60,$A$5:$A$60,$A42,$H$5:$H$60,"Yes")=_xlfn.MINIFS($M$5:$M$60,$A$5:$A$60,$A42,$H$5:$H$60,"Yes"),1,($M42-_xlfn.MINIFS($M$5:$M$60,$A$5:$A$60,$A42,$H$5:$H$60,"Yes"))/(_xlfn.MAXIFS($M$5:$M$60,$A$5:$A$60,$A42,$H$5:$H$60,"Yes")-_xlfn.MINIFS($M$5:$M$60,$A$5:$A$60,$A42,$H$5:$H$60,"Yes")))) -> 1 | Q42: =IF(OR($H42<>"Yes",$J42=""),"",IF(_xlfn.MAXIFS($J$5:$J$60,$A$5:$A$60,$A42,$H$5:$H$60,"Yes")=_xlfn.MINIFS($J$5:$J$60,$A$5:$A$60,$A42,$H$5:$H$60,"Yes"),1,(_xlfn.MAXIFS($J$5:$J$60,$A$5:$A$60,$A42,$H$5:$H$60,"Yes")-$J42)/(_xlfn.MAXIFS($J$5:$J$60,$A$5:$A$60,$A42,$H$5:$H$60,"Yes")-_xlfn.MINIFS($J$5:$J$60,$A$5:$A$60,$A42,$H$5:$H$60,"Yes")))) | R42: =IF($H42<>"Yes","",IFERROR(ROUND(100*(IF($N42="",0,Weights!$B$5*$N42)+IF($O42="",0,Weights!$B$6*$O42)+IF($P42="",0,Weights!$B$7*$P42)+IF($Q42="",0,Weights!$B$8*$Q42))/(IF($N42="",0,Weights!$B$5)+IF($O42="",0,Weights!$B$6)+IF($P42="",0,Weights!$B$7)+IF($Q42="",0,Weights!$B$8)),2),"")) -> 78.87 | S42: =IF($R42="","",COUNTIFS($A$5:$A$60,$A42,$R$5:$R$60,">"&$R42)+1) -> 2 | T42: =IF(OR($H42<>"Yes",$E42=""),"",COUNTIFS($A$5:$A$60,$A42,$H$5:$H$60,"Yes",$E$5:$E$60,"<"&$E42)+1) -> 2 | U42: =IF($S42="","",$A42&"|"&$S42) -> 13|2 | V42: =IF($T42="","",$A42&"|"&$T42) -> 13|2 | W42: =IF($B42="","",$B42&"|"&$D42) -> Women's Sling Bag|Flipkart
A43: 13 | B43: Women's Sling Bag | C43: Bags | D43: Meesho | E43: 143 | F43: No Warranty | G43: 4.4 | H43: Yes | I43: 46310 | K43: Open | L43: Image | M43: =IF($F43="","",IF(ISNUMBER(SEARCH("no warranty",$F43)),0,IF(ISNUMBER(SEARCH("year",$F43)),12*VALUE(LEFT($F43,FIND(" ",$F43)-1)),IF(ISNUMBER(SEARCH("month",$F43)),VALUE(LEFT($F43,FIND(" ",$F43)-1)),"")))) -> 0 | N43: =IF(OR($H43<>"Yes",$E43=""),"",IF(_xlfn.MAXIFS($E$5:$E$60,$A$5:$A$60,$A43,$H$5:$H$60,"Yes")=_xlfn.MINIFS($E$5:$E$60,$A$5:$A$60,$A43,$H$5:$H$60,"Yes"),1,(_xlfn.MAXIFS($E$5:$E$60,$A$5:$A$60,$A43,$H$5:$H$60,"Yes")-$E43)/(_xlfn.MAXIFS($E$5:$E$60,$A$5:$A$60,$A43,$H$5:$H$60,"Yes")-_xlfn.MINIFS($E$5:$E$60,$A$5:$A$60,$A43,$H$5:$H$60,"Yes")))) -> 1 | O43: =IF(OR($H43<>"Yes",$G43=""),"",IF(Weights!$B$10="Relative",IF(_xlfn.MAXIFS($G$5:$G$60,$A$5:$A$60,$A43,$H$5:$H$60,"Yes")=_xlfn.MINIFS($G$5:$G$60,$A$5:$A$60,$A43,$H$5:$H$60,"Yes"),1,($G43-_xlfn.MINIFS($G$5:$G$60,$A$5:$A$60,$A43,$H$5:$H$60,"Yes"))/(_xlfn.MAXIFS($G$5:$G$60,$A$5:$A$60,$A43,$H$5:$H$60,"Yes")-_xlfn.MINIFS($G$5:$G$60,$A$5:$A$60,$A43,$H$5:$H$60,"Yes"))),$G43/5)) -> 0.88 | P43: =IF(OR($H43<>"Yes",$M43=""),"",IF(_xlfn.MAXIFS($M$5:$M$60,$A$5:$A$60,$A43,$H$5:$H$60,"Yes")=_xlfn.MINIFS($M$5:$M$60,$A$5:$A$60,$A43,$H$5:$H$60,"Yes"),1,($M43-_xlfn.MINIFS($M$5:$M$60,$A$5:$A$60,$A43,$H$5:$H$60,"Yes"))/(_xlfn.MAXIFS($M$5:$M$60,$A$5:$A$60,$A43,$H$5:$H$60,"Yes")-_xlfn.MINIFS($M$5:$M$60,$A$5:$A$60,$A43,$H$5:$H$60,"Yes")))) -> 1 | Q43: =IF(OR($H43<>"Yes",$J43=""),"",IF(_xlfn.MAXIFS($J$5:$J$60,$A$5:$A$60,$A43,$H$5:$H$60,"Yes")=_xlfn.MINIFS($J$5:$J$60,$A$5:$A$60,$A43,$H$5:$H$60,"Yes"),1,(_xlfn.MAXIFS($J$5:$J$60,$A$5:$A$60,$A43,$H$5:$H$60,"Yes")-$J43)/(_xlfn.MAXIFS($J$5:$J$60,$A$5:$A$60,$A43,$H$5:$H$60,"Yes")-_xlfn.MINIFS($J$5:$J$60,$A$5:$A$60,$A43,$H$5:$H$60,"Yes")))) | R43: =IF($H43<>"Yes","",IFERROR(ROUND(100*(IF($N43="",0,Weights!$B$5*$N43)+IF($O43="",0,Weights!$B$6*$O43)+IF($P43="",0,Weights!$B$7*$P43)+IF($Q43="",0,Weights!$B$8*$Q43))/(IF($N43="",0,Weights!$B$5)+IF($O43="",0,Weights!$B$6)+IF($P43="",0,Weights!$B$7)+IF($Q43="",0,Weights!$B$8)),2),"")) -> 96.4 | S43: =IF($R43="","",COUNTIFS($A$5:$A$60,$A43,$R$5:$R$60,">"&$R43)+1) -> 1 | T43: =IF(OR($H43<>"Yes",$E43=""),"",COUNTIFS($A$5:$A$60,$A43,$H$5:$H$60,"Yes",$E$5:$E$60,"<"&$E43)+1) -> 1 | U43: =IF($S43="","",$A43&"|"&$S43) -> 13|1 | V43: =IF($T43="","",$A43&"|"&$T43) -> 13|1 | W43: =IF($B43="","",$B43&"|"&$D43) -> Women's Sling Bag|Meesho
A44: 14 | B44: Home Decor Item | C44: Home Decor | D44: Amazon | E44: 325 | F44: No Warranty | G44: 4.4 | H44: Yes | I44: 46312 | L44: Image | M44: =IF($F44="","",IF(ISNUMBER(SEARCH("no warranty",$F44)),0,IF(ISNUMBER(SEARCH("year",$F44)),12*VALUE(LEFT($F44,FIND(" ",$F44)-1)),IF(ISNUMBER(SEARCH("month",$F44)),VALUE(LEFT($F44,FIND(" ",$F44)-1)),"")))) -> 0 | N44: =IF(OR($H44<>"Yes",$E44=""),"",IF(_xlfn.MAXIFS($E$5:$E$60,$A$5:$A$60,$A44,$H$5:$H$60,"Yes")=_xlfn.MINIFS($E$5:$E$60,$A$5:$A$60,$A44,$H$5:$H$60,"Yes"),1,(_xlfn.MAXIFS($E$5:$E$60,$A$5:$A$60,$A44,$H$5:$H$60,"Yes")-$E44)/(_xlfn.MAXIFS($E$5:$E$60,$A$5:$A$60,$A44,$H$5:$H$60,"Yes")-_xlfn.MINIFS($E$5:$E$60,$A$5:$A$60,$A44,$H$5:$H$60,"Yes")))) -> 0 | O44: =IF(OR($H44<>"Yes",$G44=""),"",IF(Weights!$B$10="Relative",IF(_xlfn.MAXIFS($G$5:$G$60,$A$5:$A$60,$A44,$H$5:$H$60,"Yes")=_xlfn.MINIFS($G$5:$G$60,$A$5:$A$60,$A44,$H$5:$H$60,"Yes"),1,($G44-_xlfn.MINIFS($G$5:$G$60,$A$5:$A$60,$A44,$H$5:$H$60,"Yes"))/(_xlfn.MAXIFS($G$5:$G$60,$A$5:$A$60,$A44,$H$5:$H$60,"Yes")-_xlfn.MINIFS($G$5:$G$60,$A$5:$A$60,$A44,$H$5:$H$60,"Yes"))),$G44/5)) -> 0.88 | P44: =IF(OR($H44<>"Yes",$M44=""),"",IF(_xlfn.MAXIFS($M$5:$M$60,$A$5:$A$60,$A44,$H$5:$H$60,"Yes")=_xlfn.MINIFS($M$5:$M$60,$A$5:$A$60,$A44,$H$5:$H$60,"Yes"),1,($M44-_xlfn.MINIFS($M$5:$M$60,$A$5:$A$60,$A44,$H$5:$H$60,"Yes"))/(_xlfn.MAXIFS($M$5:$M$60,$A$5:$A$60,$A44,$H$5:$H$60,"Yes")-_xlfn.MINIFS($M$5:$M$60,$A$5:$A$60,$A44,$H$5:$H$60,"Yes")))) -> 1 | Q44: =IF(OR($H44<>"Yes",$J44=""),"",IF(_xlfn.MAXIFS($J$5:$J$60,$A$5:$A$60,$A44,$H$5:$H$60,"Yes")=_xlfn.MINIFS($J$5:$J$60,$A$5:$A$60,$A44,$H$5:$H$60,"Yes"),1,(_xlfn.MAXIFS($J$5:$J$60,$A$5:$A$60,$A44,$H$5:$H$60,"Yes")-$J44)/(_xlfn.MAXIFS($J$5:$J$60,$A$5:$A$60,$A44,$H$5:$H$60,"Yes")-_xlfn.MINIFS($J$5:$J$60,$A$5:$A$60,$A44,$H$5:$H$60,"Yes")))) | R44: =IF($H44<>"Yes","",IFERROR(ROUND(100*(IF($N44="",0,Weights!$B$5*$N44)+IF($O44="",0,Weights!$B$6*$O44)+IF($P44="",0,Weights!$B$7*$P44)+IF($Q44="",0,Weights!$B$8*$Q44))/(IF($N44="",0,Weights!$B$5)+IF($O44="",0,Weights!$B$6)+IF($P44="",0,Weights!$B$7)+IF($Q44="",0,Weights!$B$8)),2),"")) -> 46.4 | S44: =IF($R44="","",COUNTIFS($A$5:$A$60,$A44,$R$5:$R$60,">"&$R44)+1) -> 3 | T44: =IF(OR($H44<>"Yes",$E44=""),"",COUNTIFS($A$5:$A$60,$A44,$H$5:$H$60,"Yes",$E$5:$E$60,"<"&$E44)+1) -> 3 | U44: =IF($S44="","",$A44&"|"&$S44) -> 14|3 | V44: =IF($T44="","",$A44&"|"&$T44) -> 14|3 | W44: =IF($B44="","",$B44&"|"&$D44) -> Home Decor Item|Amazon
A45: 14 | B45: Home Decor Item | C45: Home Decor | D45: Flipkart | E45: 300 | F45: No Warranty | G45: 4.3 | H45: Yes | I45: 46312 | L45: Image | M45: =IF($F45="","",IF(ISNUMBER(SEARCH("no warranty",$F45)),0,IF(ISNUMBER(SEARCH("year",$F45)),12*VALUE(LEFT($F45,FIND(" ",$F45)-1)),IF(ISNUMBER(SEARCH("month",$F45)),VALUE(LEFT($F45,FIND(" ",$F45)-1)),"")))) -> 0 | N45: =IF(OR($H45<>"Yes",$E45=""),"",IF(_xlfn.MAXIFS($E$5:$E$60,$A$5:$A$60,$A45,$H$5:$H$60,"Yes")=_xlfn.MINIFS($E$5:$E$60,$A$5:$A$60,$A45,$H$5:$H$60,"Yes"),1,(_xlfn.MAXIFS($E$5:$E$60,$A$5:$A$60,$A45,$H$5:$H$60,"Yes")-$E45)/(_xlfn.MAXIFS($E$5:$E$60,$A$5:$A$60,$A45,$H$5:$H$60,"Yes")-_xlfn.MINIFS($E$5:$E$60,$A$5:$A$60,$A45,$H$5:$H$60,"Yes")))) -> 0.2 | O45: =IF(OR($H45<>"Yes",$G45=""),"",IF(Weights!$B$10="Relative",IF(_xlfn.MAXIFS($G$5:$G$60,$A$5:$A$60,$A45,$H$5:$H$60,"Yes")=_xlfn.MINIFS($G$5:$G$60,$A$5:$A$60,$A45,$H$5:$H$60,"Yes"),1,($G45-_xlfn.MINIFS($G$5:$G$60,$A$5:$A$60,$A45,$H$5:$H$60,"Yes"))/(_xlfn.MAXIFS($G$5:$G$60,$A$5:$A$60,$A45,$H$5:$H$60,"Yes")-_xlfn.MINIFS($G$5:$G$60,$A$5:$A$60,$A45,$H$5:$H$60,"Yes"))),$G45/5)) -> 0.86 | P45: =IF(OR($H45<>"Yes",$M45=""),"",IF(_xlfn.MAXIFS($M$5:$M$60,$A$5:$A$60,$A45,$H$5:$H$60,"Yes")=_xlfn.MINIFS($M$5:$M$60,$A$5:$A$60,$A45,$H$5:$H$60,"Yes"),1,($M45-_xlfn.MINIFS($M$5:$M$60,$A$5:$A$60,$A45,$H$5:$H$60,"Yes"))/(_xlfn.MAXIFS($M$5:$M$60,$A$5:$A$60,$A45,$H$5:$H$60,"Yes")-_xlfn.MINIFS($M$5:$M$60,$A$5:$A$60,$A45,$H$5:$H$60,"Yes")))) -> 1 | Q45: =IF(OR($H45<>"Yes",$J45=""),"",IF(_xlfn.MAXIFS($J$5:$J$60,$A$5:$A$60,$A45,$H$5:$H$60,"Yes")=_xlfn.MINIFS($J$5:$J$60,$A$5:$A$60,$A45,$H$5:$H$60,"Yes"),1,(_xlfn.MAXIFS($J$5:$J$60,$A$5:$A$60,$A45,$H$5:$H$60,"Yes")-$J45)/(_xlfn.MAXIFS($J$5:$J$60,$A$5:$A$60,$A45,$H$5:$H$60,"Yes")-_xlfn.MINIFS($J$5:$J$60,$A$5:$A$60,$A45,$H$5:$H$60,"Yes")))) | R45: =IF($H45<>"Yes","",IFERROR(ROUND(100*(IF($N45="",0,Weights!$B$5*$N45)+IF($O45="",0,Weights!$B$6*$O45)+IF($P45="",0,Weights!$B$7*$P45)+IF($Q45="",0,Weights!$B$8*$Q45))/(IF($N45="",0,Weights!$B$5)+IF($O45="",0,Weights!$B$6)+IF($P45="",0,Weights!$B$7)+IF($Q45="",0,Weights!$B$8)),2),"")) -> 55.8 | S45: =IF($R45="","",COUNTIFS($A$5:$A$60,$A45,$R$5:$R$60,">"&$R45)+1) -> 2 | T45: =IF(OR($H45<>"Yes",$E45=""),"",COUNTIFS($A$5:$A$60,$A45,$H$5:$H$60,"Yes",$E$5:$E$60,"<"&$E45)+1) -> 2 | U45: =IF($S45="","",$A45&"|"&$S45) -> 14|2 | V45: =IF($T45="","",$A45&"|"&$T45) -> 14|2 | W45: =IF($B45="","",$B45&"|"&$D45) -> Home Decor Item|Flipkart
A46: 14 | B46: Home Decor Item | C46: Home Decor | D46: Meesho | E46: 200 | F46: No Warranty | G46: 4.2 | H46: Yes | I46: 46312 | L46: Image | M46: =IF($F46="","",IF(ISNUMBER(SEARCH("no warranty",$F46)),0,IF(ISNUMBER(SEARCH("year",$F46)),12*VALUE(LEFT($F46,FIND(" ",$F46)-1)),IF(ISNUMBER(SEARCH("month",$F46)),VALUE(LEFT($F46,FIND(" ",$F46)-1)),"")))) -> 0 | N46: =IF(OR($H46<>"Yes",$E46=""),"",IF(_xlfn.MAXIFS($E$5:$E$60,$A$5:$A$60,$A46,$H$5:$H$60,"Yes")=_xlfn.MINIFS($E$5:$E$60,$A$5:$A$60,$A46,$H$5:$H$60,"Yes"),1,(_xlfn.MAXIFS($E$5:$E$60,$A$5:$A$60,$A46,$H$5:$H$60,"Yes")-$E46)/(_xlfn.MAXIFS($E$5:$E$60,$A$5:$A$60,$A46,$H$5:$H$60,"Yes")-_xlfn.MINIFS($E$5:$E$60,$A$5:$A$60,$A46,$H$5:$H$60,"Yes")))) -> 1 | O46: =IF(OR($H46<>"Yes",$G46=""),"",IF(Weights!$B$10="Relative",IF(_xlfn.MAXIFS($G$5:$G$60,$A$5:$A$60,$A46,$H$5:$H$60,"Yes")=_xlfn.MINIFS($G$5:$G$60,$A$5:$A$60,$A46,$H$5:$H$60,"Yes"),1,($G46-_xlfn.MINIFS($G$5:$G$60,$A$5:$A$60,$A46,$H$5:$H$60,"Yes"))/(_xlfn.MAXIFS($G$5:$G$60,$A$5:$A$60,$A46,$H$5:$H$60,"Yes")-_xlfn.MINIFS($G$5:$G$60,$A$5:$A$60,$A46,$H$5:$H$60,"Yes"))),$G46/5)) -> 0.84 | P46: =IF(OR($H46<>"Yes",$M46=""),"",IF(_xlfn.MAXIFS($M$5:$M$60,$A$5:$A$60,$A46,$H$5:$H$60,"Yes")=_xlfn.MINIFS($M$5:$M$60,$A$5:$A$60,$A46,$H$5:$H$60,"Yes"),1,($M46-_xlfn.MINIFS($M$5:$M$60,$A$5:$A$60,$A46,$H$5:$H$60,"Yes"))/(_xlfn.MAXIFS($M$5:$M$60,$A$5:$A$60,$A46,$H$5:$H$60,"Yes")-_xlfn.MINIFS($M$5:$M$60,$A$5:$A$60,$A46,$H$5:$H$60,"Yes")))) -> 1 | Q46: =IF(OR($H46<>"Yes",$J46=""),"",IF(_xlfn.MAXIFS($J$5:$J$60,$A$5:$A$60,$A46,$H$5:$H$60,"Yes")=_xlfn.MINIFS($J$5:$J$60,$A$5:$A$60,$A46,$H$5:$H$60,"Yes"),1,(_xlfn.MAXIFS($J$5:$J$60,$A$5:$A$60,$A46,$H$5:$H$60,"Yes")-$J46)/(_xlfn.MAXIFS($J$5:$J$60,$A$5:$A$60,$A46,$H$5:$H$60,"Yes")-_xlfn.MINIFS($J$5:$J$60,$A$5:$A$60,$A46,$H$5:$H$60,"Yes")))) | R46: =IF($H46<>"Yes","",IFERROR(ROUND(100*(IF($N46="",0,Weights!$B$5*$N46)+IF($O46="",0,Weights!$B$6*$O46)+IF($P46="",0,Weights!$B$7*$P46)+IF($Q46="",0,Weights!$B$8*$Q46))/(IF($N46="",0,Weights!$B$5)+IF($O46="",0,Weights!$B$6)+IF($P46="",0,Weights!$B$7)+IF($Q46="",0,Weights!$B$8)),2),"")) -> 95.2 | S46: =IF($R46="","",COUNTIFS($A$5:$A$60,$A46,$R$5:$R$60,">"&$R46)+1) -> 1 | T46: =IF(OR($H46<>"Yes",$E46=""),"",COUNTIFS($A$5:$A$60,$A46,$H$5:$H$60,"Yes",$E$5:$E$60,"<"&$E46)+1) -> 1 | U46: =IF($S46="","",$A46&"|"&$S46) -> 14|1 | V46: =IF($T46="","",$A46&"|"&$T46) -> 14|1 | W46: =IF($B46="","",$B46&"|"&$D46) -> Home Decor Item|Meesho
A47: 15 | B47: Kids Cycle | C47: Kids | D47: Amazon | E47: 800 | F47: 1 Year | G47: 3.9 | H47: Yes | I47: 46312 | K47: Open | L47: Image | M47: =IF($F47="","",IF(ISNUMBER(SEARCH("no warranty",$F47)),0,IF(ISNUMBER(SEARCH("year",$F47)),12*VALUE(LEFT($F47,FIND(" ",$F47)-1)),IF(ISNUMBER(SEARCH("month",$F47)),VALUE(LEFT($F47,FIND(" ",$F47)-1)),"")))) -> 12 | N47: =IF(OR($H47<>"Yes",$E47=""),"",IF(_xlfn.MAXIFS($E$5:$E$60,$A$5:$A$60,$A47,$H$5:$H$60,"Yes")=_xlfn.MINIFS($E$5:$E$60,$A$5:$A$60,$A47,$H$5:$H$60,"Yes"),1,(_xlfn.MAXIFS($E$5:$E$60,$A$5:$A$60,$A47,$H$5:$H$60,"Yes")-$E47)/(_xlfn.MAXIFS($E$5:$E$60,$A$5:$A$60,$A47,$H$5:$H$60,"Yes")-_xlfn.MINIFS($E$5:$E$60,$A$5:$A$60,$A47,$H$5:$H$60,"Yes")))) -> 0.33333333 | O47: =IF(OR($H47<>"Yes",$G47=""),"",IF(Weights!$B$10="Relative",IF(_xlfn.MAXIFS($G$5:$G$60,$A$5:$A$60,$A47,$H$5:$H$60,"Yes")=_xlfn.MINIFS($G$5:$G$60,$A$5:$A$60,$A47,$H$5:$H$60,"Yes"),1,($G47-_xlfn.MINIFS($G$5:$G$60,$A$5:$A$60,$A47,$H$5:$H$60,"Yes"))/(_xlfn.MAXIFS($G$5:$G$60,$A$5:$A$60,$A47,$H$5:$H$60,"Yes")-_xlfn.MINIFS($G$5:$G$60,$A$5:$A$60,$A47,$H$5:$H$60,"Yes"))),$G47/5)) -> 0.78 | P47: =IF(OR($H47<>"Yes",$M47=""),"",IF(_xlfn.MAXIFS($M$5:$M$60,$A$5:$A$60,$A47,$H$5:$H$60,"Yes")=_xlfn.MINIFS($M$5:$M$60,$A$5:$A$60,$A47,$H$5:$H$60,"Yes"),1,($M47-_xlfn.MINIFS($M$5:$M$60,$A$5:$A$60,$A47,$H$5:$H$60,"Yes"))/(_xlfn.MAXIFS($M$5:$M$60,$A$5:$A$60,$A47,$H$5:$H$60,"Yes")-_xlfn.MINIFS($M$5:$M$60,$A$5:$A$60,$A47,$H$5:$H$60,"Yes")))) -> 1 | Q47: =IF(OR($H47<>"Yes",$J47=""),"",IF(_xlfn.MAXIFS($J$5:$J$60,$A$5:$A$60,$A47,$H$5:$H$60,"Yes")=_xlfn.MINIFS($J$5:$J$60,$A$5:$A$60,$A47,$H$5:$H$60,"Yes"),1,(_xlfn.MAXIFS($J$5:$J$60,$A$5:$A$60,$A47,$H$5:$H$60,"Yes")-$J47)/(_xlfn.MAXIFS($J$5:$J$60,$A$5:$A$60,$A47,$H$5:$H$60,"Yes")-_xlfn.MINIFS($J$5:$J$60,$A$5:$A$60,$A47,$H$5:$H$60,"Yes")))) | R47: =IF($H47<>"Yes","",IFERROR(ROUND(100*(IF($N47="",0,Weights!$B$5*$N47)+IF($O47="",0,Weights!$B$6*$O47)+IF($P47="",0,Weights!$B$7*$P47)+IF($Q47="",0,Weights!$B$8*$Q47))/(IF($N47="",0,Weights!$B$5)+IF($O47="",0,Weights!$B$6)+IF($P47="",0,Weights!$B$7)+IF($Q47="",0,Weights!$B$8)),2),"")) -> 60.07 | S47: =IF($R47="","",COUNTIFS($A$5:$A$60,$A47,$R$5:$R$60,">"&$R47)+1) -> 2 | T47: =IF(OR($H47<>"Yes",$E47=""),"",COUNTIFS($A$5:$A$60,$A47,$H$5:$H$60,"Yes",$E$5:$E$60,"<"&$E47)+1) -> 2 | U47: =IF($S47="","",$A47&"|"&$S47) -> 15|2 | V47: =IF($T47="","",$A47&"|"&$T47) -> 15|2 | W47: =IF($B47="","",$B47&"|"&$D47) -> Kids Cycle|Amazon
A48: 15 | B48: Kids Cycle | C48: Kids | D48: Flipkart | E48: 850 | F48: 1 Year | G48: 4.1 | H48: Yes | I48: 46312 | K48: Open | L48: Image | M48: =IF($F48="","",IF(ISNUMBER(SEARCH("no warranty",$F48)),0,IF(ISNUMBER(SEARCH("year",$F48)),12*VALUE(LEFT($F48,FIND(" ",$F48)-1)),IF(ISNUMBER(SEARCH("month",$F48)),VALUE(LEFT($F48,FIND(" ",$F48)-1)),"")))) -> 12 | N48: =IF(OR($H48<>"Yes",$E48=""),"",IF(_xlfn.MAXIFS($E$5:$E$60,$A$5:$A$60,$A48,$H$5:$H$60,"Yes")=_xlfn.MINIFS($E$5:$E$60,$A$5:$A$60,$A48,$H$5:$H$60,"Yes"),1,(_xlfn.MAXIFS($E$5:$E$60,$A$5:$A$60,$A48,$H$5:$H$60,"Yes")-$E48)/(_xlfn.MAXIFS($E$5:$E$60,$A$5:$A$60,$A48,$H$5:$H$60,"Yes")-_xlfn.MINIFS($E$5:$E$60,$A$5:$A$60,$A48,$H$5:$H$60,"Yes")))) -> 0 | O48: =IF(OR($H48<>"Yes",$G48=""),"",IF(Weights!$B$10="Relative",IF(_xlfn.MAXIFS($G$5:$G$60,$A$5:$A$60,$A48,$H$5:$H$60,"Yes")=_xlfn.MINIFS($G$5:$G$60,$A$5:$A$60,$A48,$H$5:$H$60,"Yes"),1,($G48-_xlfn.MINIFS($G$5:$G$60,$A$5:$A$60,$A48,$H$5:$H$60,"Yes"))/(_xlfn.MAXIFS($G$5:$G$60,$A$5:$A$60,$A48,$H$5:$H$60,"Yes")-_xlfn.MINIFS($G$5:$G$60,$A$5:$A$60,$A48,$H$5:$H$60,"Yes"))),$G48/5)) -> 0.82 | P48: =IF(OR($H48<>"Yes",$M48=""),"",IF(_xlfn.MAXIFS($M$5:$M$60,$A$5:$A$60,$A48,$H$5:$H$60,"Yes")=_xlfn.MINIFS($M$5:$M$60,$A$5:$A$60,$A48,$H$5:$H$60,"Yes"),1,($M48-_xlfn.MINIFS($M$5:$M$60,$A$5:$A$60,$A48,$H$5:$H$60,"Yes"))/(_xlfn.MAXIFS($M$5:$M$60,$A$5:$A$60,$A48,$H$5:$H$60,"Yes")-_xlfn.MINIFS($M$5:$M$60,$A$5:$A$60,$A48,$H$5:$H$60,"Yes")))) -> 1 | Q48: =IF(OR($H48<>"Yes",$J48=""),"",IF(_xlfn.MAXIFS($J$5:$J$60,$A$5:$A$60,$A48,$H$5:$H$60,"Yes")=_xlfn.MINIFS($J$5:$J$60,$A$5:$A$60,$A48,$H$5:$H$60,"Yes"),1,(_xlfn.MAXIFS($J$5:$J$60,$A$5:$A$60,$A48,$H$5:$H$60,"Yes")-$J48)/(_xlfn.MAXIFS($J$5:$J$60,$A$5:$A$60,$A48,$H$5:$H$60,"Yes")-_xlfn.MINIFS($J$5:$J$60,$A$5:$A$60,$A48,$H$5:$H$60,"Yes")))) | R48: =IF($H48<>"Yes","",IFERROR(ROUND(100*(IF($N48="",0,Weights!$B$5*$N48)+IF($O48="",0,Weights!$B$6*$O48)+IF($P48="",0,Weights!$B$7*$P48)+IF($Q48="",0,Weights!$B$8*$Q48))/(IF($N48="",0,Weights!$B$5)+IF($O48="",0,Weights!$B$6)+IF($P48="",0,Weights!$B$7)+IF($Q48="",0,Weights!$B$8)),2),"")) -> 44.6 | S48: =IF($R48="","",COUNTIFS($A$5:$A$60,$A48,$R$5:$R$60,">"&$R48)+1) -> 3 | T48: =IF(OR($H48<>"Yes",$E48=""),"",COUNTIFS($A$5:$A$60,$A48,$H$5:$H$60,"Yes",$E$5:$E$60,"<"&$E48)+1) -> 3 | U48: =IF($S48="","",$A48&"|"&$S48) -> 15|3 | V48: =IF($T48="","",$A48&"|"&$T48) -> 15|3 | W48: =IF($B48="","",$B48&"|"&$D48) -> Kids Cycle|Flipkart
A49: 15 | B49: Kids Cycle | C49: Kids | D49: Meesho | E49: 700 | F49: 1 Year | G49: 3.8 | H49: Yes | I49: 46312 | K49: Open | L49: Image | M49: =IF($F49="","",IF(ISNUMBER(SEARCH("no warranty",$F49)),0,IF(ISNUMBER(SEARCH("year",$F49)),12*VALUE(LEFT($F49,FIND(" ",$F49)-1)),IF(ISNUMBER(SEARCH("month",$F49)),VALUE(LEFT($F49,FIND(" ",$F49)-1)),"")))) -> 12 | N49: =IF(OR($H49<>"Yes",$E49=""),"",IF(_xlfn.MAXIFS($E$5:$E$60,$A$5:$A$60,$A49,$H$5:$H$60,"Yes")=_xlfn.MINIFS($E$5:$E$60,$A$5:$A$60,$A49,$H$5:$H$60,"Yes"),1,(_xlfn.MAXIFS($E$5:$E$60,$A$5:$A$60,$A49,$H$5:$H$60,"Yes")-$E49)/(_xlfn.MAXIFS($E$5:$E$60,$A$5:$A$60,$A49,$H$5:$H$60,"Yes")-_xlfn.MINIFS($E$5:$E$60,$A$5:$A$60,$A49,$H$5:$H$60,"Yes")))) -> 1 | O49: =IF(OR($H49<>"Yes",$G49=""),"",IF(Weights!$B$10="Relative",IF(_xlfn.MAXIFS($G$5:$G$60,$A$5:$A$60,$A49,$H$5:$H$60,"Yes")=_xlfn.MINIFS($G$5:$G$60,$A$5:$A$60,$A49,$H$5:$H$60,"Yes"),1,($G49-_xlfn.MINIFS($G$5:$G$60,$A$5:$A$60,$A49,$H$5:$H$60,"Yes"))/(_xlfn.MAXIFS($G$5:$G$60,$A$5:$A$60,$A49,$H$5:$H$60,"Yes")-_xlfn.MINIFS($G$5:$G$60,$A$5:$A$60,$A49,$H$5:$H$60,"Yes"))),$G49/5)) -> 0.76 | P49: =IF(OR($H49<>"Yes",$M49=""),"",IF(_xlfn.MAXIFS($M$5:$M$60,$A$5:$A$60,$A49,$H$5:$H$60,"Yes")=_xlfn.MINIFS($M$5:$M$60,$A$5:$A$60,$A49,$H$5:$H$60,"Yes"),1,($M49-_xlfn.MINIFS($M$5:$M$60,$A$5:$A$60,$A49,$H$5:$H$60,"Yes"))/(_xlfn.MAXIFS($M$5:$M$60,$A$5:$A$60,$A49,$H$5:$H$60,"Yes")-_xlfn.MINIFS($M$5:$M$60,$A$5:$A$60,$A49,$H$5:$H$60,"Yes")))) -> 1 | Q49: =IF(OR($H49<>"Yes",$J49=""),"",IF(_xlfn.MAXIFS($J$5:$J$60,$A$5:$A$60,$A49,$H$5:$H$60,"Yes")=_xlfn.MINIFS($J$5:$J$60,$A$5:$A$60,$A49,$H$5:$H$60,"Yes"),1,(_xlfn.MAXIFS($J$5:$J$60,$A$5:$A$60,$A49,$H$5:$H$60,"Yes")-$J49)/(_xlfn.MAXIFS($J$5:$J$60,$A$5:$A$60,$A49,$H$5:$H$60,"Yes")-_xlfn.MINIFS($J$5:$J$60,$A$5:$A$60,$A49,$H$5:$H$60,"Yes")))) | R49: =IF($H49<>"Yes","",IFERROR(ROUND(100*(IF($N49="",0,Weights!$B$5*$N49)+IF($O49="",0,Weights!$B$6*$O49)+IF($P49="",0,Weights!$B$7*$P49)+IF($Q49="",0,Weights!$B$8*$Q49))/(IF($N49="",0,Weights!$B$5)+IF($O49="",0,Weights!$B$6)+IF($P49="",0,Weights!$B$7)+IF($Q49="",0,Weights!$B$8)),2),"")) -> 92.8 | S49: =IF($R49="","",COUNTIFS($A$5:$A$60,$A49,$R$5:$R$60,">"&$R49)+1) -> 1 | T49: =IF(OR($H49<>"Yes",$E49=""),"",COUNTIFS($A$5:$A$60,$A49,$H$5:$H$60,"Yes",$E$5:$E$60,"<"&$E49)+1) -> 1 | U49: =IF($S49="","",$A49&"|"&$S49) -> 15|1 | V49: =IF($T49="","",$A49&"|"&$T49) -> 15|1 | W49: =IF($B49="","",$B49&"|"&$D49) -> Kids Cycle|Meesho
M50: =IF($F50="","",IF(ISNUMBER(SEARCH("no warranty",$F50)),0,IF(ISNUMBER(SEARCH("year",$F50)),12*VALUE(LEFT($F50,FIND(" ",$F50)-1)),IF(ISNUMBER(SEARCH("month",$F50)),VALUE(LEFT($F50,FIND(" ",$F50)-1)),"")))) | N50: =IF(OR($H50<>"Yes",$E50=""),"",IF(_xlfn.MAXIFS($E$5:$E$60,$A$5:$A$60,$A50,$H$5:$H$60,"Yes")=_xlfn.MINIFS($E$5:$E$60,$A$5:$A$60,$A50,$H$5:$H$60,"Yes"),1,(_xlfn.MAXIFS($E$5:$E$60,$A$5:$A$60,$A50,$H$5:$H$60,"Yes")-$E50)/(_xlfn.MAXIFS($E$5:$E$60,$A$5:$A$60,$A50,$H$5:$H$60,"Yes")-_xlfn.MINIFS($E$5:$E$60,$A$5:$A$60,$A50,$H$5:$H$60,"Yes")))) | O50: =IF(OR($H50<>"Yes",$G50=""),"",IF(Weights!$B$10="Relative",IF(_xlfn.MAXIFS($G$5:$G$60,$A$5:$A$60,$A50,$H$5:$H$60,"Yes")=_xlfn.MINIFS($G$5:$G$60,$A$5:$A$60,$A50,$H$5:$H$60,"Yes"),1,($G50-_xlfn.MINIFS($G$5:$G$60,$A$5:$A$60,$A50,$H$5:$H$60,"Yes"))/(_xlfn.MAXIFS($G$5:$G$60,$A$5:$A$60,$A50,$H$5:$H$60,"Yes")-_xlfn.MINIFS($G$5:$G$60,$A$5:$A$60,$A50,$H$5:$H$60,"Yes"))),$G50/5)) | P50: =IF(OR($H50<>"Yes",$M50=""),"",IF(_xlfn.MAXIFS($M$5:$M$60,$A$5:$A$60,$A50,$H$5:$H$60,"Yes")=_xlfn.MINIFS($M$5:$M$60,$A$5:$A$60,$A50,$H$5:$H$60,"Yes"),1,($M50-_xlfn.MINIFS($M$5:$M$60,$A$5:$A$60,$A50,$H$5:$H$60,"Yes"))/(_xlfn.MAXIFS($M$5:$M$60,$A$5:$A$60,$A50,$H$5:$H$60,"Yes")-_xlfn.MINIFS($M$5:$M$60,$A$5:$A$60,$A50,$H$5:$H$60,"Yes")))) | Q50: =IF(OR($H50<>"Yes",$J50=""),"",IF(_xlfn.MAXIFS($J$5:$J$60,$A$5:$A$60,$A50,$H$5:$H$60,"Yes")=_xlfn.MINIFS($J$5:$J$60,$A$5:$A$60,$A50,$H$5:$H$60,"Yes"),1,(_xlfn.MAXIFS($J$5:$J$60,$A$5:$A$60,$A50,$H$5:$H$60,"Yes")-$J50)/(_xlfn.MAXIFS($J$5:$J$60,$A$5:$A$60,$A50,$H$5:$H$60,"Yes")-_xlfn.MINIFS($J$5:$J$60,$A$5:$A$60,$A50,$H$5:$H$60,"Yes")))) | R50: =IF($H50<>"Yes","",IFERROR(ROUND(100*(IF($N50="",0,Weights!$B$5*$N50)+IF($O50="",0,Weights!$B$6*$O50)+IF($P50="",0,Weights!$B$7*$P50)+IF($Q50="",0,Weights!$B$8*$Q50))/(IF($N50="",0,Weights!$B$5)+IF($O50="",0,Weights!$B$6)+IF($P50="",0,Weights!$B$7)+IF($Q50="",0,Weights!$B$8)),2),"")) | S50: =IF($R50="","",COUNTIFS($A$5:$A$60,$A50,$R$5:$R$60,">"&$R50)+1) | T50: =IF(OR($H50<>"Yes",$E50=""),"",COUNTIFS($A$5:$A$60,$A50,$H$5:$H$60,"Yes",$E$5:$E$60,"<"&$E50)+1) | U50: =IF($S50="","",$A50&"|"&$S50) | V50: =IF($T50="","",$A50&"|"&$T50) | W50: =IF($B50="","",$B50&"|"&$D50)
M51: =IF($F51="","",IF(ISNUMBER(SEARCH("no warranty",$F51)),0,IF(ISNUMBER(SEARCH("year",$F51)),12*VALUE(LEFT($F51,FIND(" ",$F51)-1)),IF(ISNUMBER(SEARCH("month",$F51)),VALUE(LEFT($F51,FIND(" ",$F51)-1)),"")))) | N51: =IF(OR($H51<>"Yes",$E51=""),"",IF(_xlfn.MAXIFS($E$5:$E$60,$A$5:$A$60,$A51,$H$5:$H$60,"Yes")=_xlfn.MINIFS($E$5:$E$60,$A$5:$A$60,$A51,$H$5:$H$60,"Yes"),1,(_xlfn.MAXIFS($E$5:$E$60,$A$5:$A$60,$A51,$H$5:$H$60,"Yes")-$E51)/(_xlfn.MAXIFS($E$5:$E$60,$A$5:$A$60,$A51,$H$5:$H$60,"Yes")-_xlfn.MINIFS($E$5:$E$60,$A$5:$A$60,$A51,$H$5:$H$60,"Yes")))) | O51: =IF(OR($H51<>"Yes",$G51=""),"",IF(Weights!$B$10="Relative",IF(_xlfn.MAXIFS($G$5:$G$60,$A$5:$A$60,$A51,$H$5:$H$60,"Yes")=_xlfn.MINIFS($G$5:$G$60,$A$5:$A$60,$A51,$H$5:$H$60,"Yes"),1,($G51-_xlfn.MINIFS($G$5:$G$60,$A$5:$A$60,$A51,$H$5:$H$60,"Yes"))/(_xlfn.MAXIFS($G$5:$G$60,$A$5:$A$60,$A51,$H$5:$H$60,"Yes")-_xlfn.MINIFS($G$5:$G$60,$A$5:$A$60,$A51,$H$5:$H$60,"Yes"))),$G51/5)) | P51: =IF(OR($H51<>"Yes",$M51=""),"",IF(_xlfn.MAXIFS($M$5:$M$60,$A$5:$A$60,$A51,$H$5:$H$60,"Yes")=_xlfn.MINIFS($M$5:$M$60,$A$5:$A$60,$A51,$H$5:$H$60,"Yes"),1,($M51-_xlfn.MINIFS($M$5:$M$60,$A$5:$A$60,$A51,$H$5:$H$60,"Yes"))/(_xlfn.MAXIFS($M$5:$M$60,$A$5:$A$60,$A51,$H$5:$H$60,"Yes")-_xlfn.MINIFS($M$5:$M$60,$A$5:$A$60,$A51,$H$5:$H$60,"Yes")))) | Q51: =IF(OR($H51<>"Yes",$J51=""),"",IF(_xlfn.MAXIFS($J$5:$J$60,$A$5:$A$60,$A51,$H$5:$H$60,"Yes")=_xlfn.MINIFS($J$5:$J$60,$A$5:$A$60,$A51,$H$5:$H$60,"Yes"),1,(_xlfn.MAXIFS($J$5:$J$60,$A$5:$A$60,$A51,$H$5:$H$60,"Yes")-$J51)/(_xlfn.MAXIFS($J$5:$J$60,$A$5:$A$60,$A51,$H$5:$H$60,"Yes")-_xlfn.MINIFS($J$5:$J$60,$A$5:$A$60,$A51,$H$5:$H$60,"Yes")))) | R51: =IF($H51<>"Yes","",IFERROR(ROUND(100*(IF($N51="",0,Weights!$B$5*$N51)+IF($O51="",0,Weights!$B$6*$O51)+IF($P51="",0,Weights!$B$7*$P51)+IF($Q51="",0,Weights!$B$8*$Q51))/(IF($N51="",0,Weights!$B$5)+IF($O51="",0,Weights!$B$6)+IF($P51="",0,Weights!$B$7)+IF($Q51="",0,Weights!$B$8)),2),"")) | S51: =IF($R51="","",COUNTIFS($A$5:$A$60,$A51,$R$5:$R$60,">"&$R51)+1) | T51: =IF(OR($H51<>"Yes",$E51=""),"",COUNTIFS($A$5:$A$60,$A51,$H$5:$H$60,"Yes",$E$5:$E$60,"<"&$E51)+1) | U51: =IF($S51="","",$A51&"|"&$S51) | V51: =IF($T51="","",$A51&"|"&$T51) | W51: =IF($B51="","",$B51&"|"&$D51)
M52: =IF($F52="","",IF(ISNUMBER(SEARCH("no warranty",$F52)),0,IF(ISNUMBER(SEARCH("year",$F52)),12*VALUE(LEFT($F52,FIND(" ",$F52)-1)),IF(ISNUMBER(SEARCH("month",$F52)),VALUE(LEFT($F52,FIND(" ",$F52)-1)),"")))) | N52: =IF(OR($H52<>"Yes",$E52=""),"",IF(_xlfn.MAXIFS($E$5:$E$60,$A$5:$A$60,$A52,$H$5:$H$60,"Yes")=_xlfn.MINIFS($E$5:$E$60,$A$5:$A$60,$A52,$H$5:$H$60,"Yes"),1,(_xlfn.MAXIFS($E$5:$E$60,$A$5:$A$60,$A52,$H$5:$H$60,"Yes")-$E52)/(_xlfn.MAXIFS($E$5:$E$60,$A$5:$A$60,$A52,$H$5:$H$60,"Yes")-_xlfn.MINIFS($E$5:$E$60,$A$5:$A$60,$A52,$H$5:$H$60,"Yes")))) | O52: =IF(OR($H52<>"Yes",$G52=""),"",IF(Weights!$B$10="Relative",IF(_xlfn.MAXIFS($G$5:$G$60,$A$5:$A$60,$A52,$H$5:$H$60,"Yes")=_xlfn.MINIFS($G$5:$G$60,$A$5:$A$60,$A52,$H$5:$H$60,"Yes"),1,($G52-_xlfn.MINIFS($G$5:$G$60,$A$5:$A$60,$A52,$H$5:$H$60,"Yes"))/(_xlfn.MAXIFS($G$5:$G$60,$A$5:$A$60,$A52,$H$5:$H$60,"Yes")-_xlfn.MINIFS($G$5:$G$60,$A$5:$A$60,$A52,$H$5:$H$60,"Yes"))),$G52/5)) | P52: =IF(OR($H52<>"Yes",$M52=""),"",IF(_xlfn.MAXIFS($M$5:$M$60,$A$5:$A$60,$A52,$H$5:$H$60,"Yes")=_xlfn.MINIFS($M$5:$M$60,$A$5:$A$60,$A52,$H$5:$H$60,"Yes"),1,($M52-_xlfn.MINIFS($M$5:$M$60,$A$5:$A$60,$A52,$H$5:$H$60,"Yes"))/(_xlfn.MAXIFS($M$5:$M$60,$A$5:$A$60,$A52,$H$5:$H$60,"Yes")-_xlfn.MINIFS($M$5:$M$60,$A$5:$A$60,$A52,$H$5:$H$60,"Yes")))) | Q52: =IF(OR($H52<>"Yes",$J52=""),"",IF(_xlfn.MAXIFS($J$5:$J$60,$A$5:$A$60,$A52,$H$5:$H$60,"Yes")=_xlfn.MINIFS($J$5:$J$60,$A$5:$A$60,$A52,$H$5:$H$60,"Yes"),1,(_xlfn.MAXIFS($J$5:$J$60,$A$5:$A$60,$A52,$H$5:$H$60,"Yes")-$J52)/(_xlfn.MAXIFS($J$5:$J$60,$A$5:$A$60,$A52,$H$5:$H$60,"Yes")-_xlfn.MINIFS($J$5:$J$60,$A$5:$A$60,$A52,$H$5:$H$60,"Yes")))) | R52: =IF($H52<>"Yes","",IFERROR(ROUND(100*(IF($N52="",0,Weights!$B$5*$N52)+IF($O52="",0,Weights!$B$6*$O52)+IF($P52="",0,Weights!$B$7*$P52)+IF($Q52="",0,Weights!$B$8*$Q52))/(IF($N52="",0,Weights!$B$5)+IF($O52="",0,Weights!$B$6)+IF($P52="",0,Weights!$B$7)+IF($Q52="",0,Weights!$B$8)),2),"")) | S52: =IF($R52="","",COUNTIFS($A$5:$A$60,$A52,$R$5:$R$60,">"&$R52)+1) | T52: =IF(OR($H52<>"Yes",$E52=""),"",COUNTIFS($A$5:$A$60,$A52,$H$5:$H$60,"Yes",$E$5:$E$60,"<"&$E52)+1) | U52: =IF($S52="","",$A52&"|"&$S52) | V52: =IF($T52="","",$A52&"|"&$T52) | W52: =IF($B52="","",$B52&"|"&$D52)
M53: =IF($F53="","",IF(ISNUMBER(SEARCH("no warranty",$F53)),0,IF(ISNUMBER(SEARCH("year",$F53)),12*VALUE(LEFT($F53,FIND(" ",$F53)-1)),IF(ISNUMBER(SEARCH("month",$F53)),VALUE(LEFT($F53,FIND(" ",$F53)-1)),"")))) | N53: =IF(OR($H53<>"Yes",$E53=""),"",IF(_xlfn.MAXIFS($E$5:$E$60,$A$5:$A$60,$A53,$H$5:$H$60,"Yes")=_xlfn.MINIFS($E$5:$E$60,$A$5:$A$60,$A53,$H$5:$H$60,"Yes"),1,(_xlfn.MAXIFS($E$5:$E$60,$A$5:$A$60,$A53,$H$5:$H$60,"Yes")-$E53)/(_xlfn.MAXIFS($E$5:$E$60,$A$5:$A$60,$A53,$H$5:$H$60,"Yes")-_xlfn.MINIFS($E$5:$E$60,$A$5:$A$60,$A53,$H$5:$H$60,"Yes")))) | O53: =IF(OR($H53<>"Yes",$G53=""),"",IF(Weights!$B$10="Relative",IF(_xlfn.MAXIFS($G$5:$G$60,$A$5:$A$60,$A53,$H$5:$H$60,"Yes")=_xlfn.MINIFS($G$5:$G$60,$A$5:$A$60,$A53,$H$5:$H$60,"Yes"),1,($G53-_xlfn.MINIFS($G$5:$G$60,$A$5:$A$60,$A53,$H$5:$H$60,"Yes"))/(_xlfn.MAXIFS($G$5:$G$60,$A$5:$A$60,$A53,$H$5:$H$60,"Yes")-_xlfn.MINIFS($G$5:$G$60,$A$5:$A$60,$A53,$H$5:$H$60,"Yes"))),$G53/5)) | P53: =IF(OR($H53<>"Yes",$M53=""),"",IF(_xlfn.MAXIFS($M$5:$M$60,$A$5:$A$60,$A53,$H$5:$H$60,"Yes")=_xlfn.MINIFS($M$5:$M$60,$A$5:$A$60,$A53,$H$5:$H$60,"Yes"),1,($M53-_xlfn.MINIFS($M$5:$M$60,$A$5:$A$60,$A53,$H$5:$H$60,"Yes"))/(_xlfn.MAXIFS($M$5:$M$60,$A$5:$A$60,$A53,$H$5:$H$60,"Yes")-_xlfn.MINIFS($M$5:$M$60,$A$5:$A$60,$A53,$H$5:$H$60,"Yes")))) | Q53: =IF(OR($H53<>"Yes",$J53=""),"",IF(_xlfn.MAXIFS($J$5:$J$60,$A$5:$A$60,$A53,$H$5:$H$60,"Yes")=_xlfn.MINIFS($J$5:$J$60,$A$5:$A$60,$A53,$H$5:$H$60,"Yes"),1,(_xlfn.MAXIFS($J$5:$J$60,$A$5:$A$60,$A53,$H$5:$H$60,"Yes")-$J53)/(_xlfn.MAXIFS($J$5:$J$60,$A$5:$A$60,$A53,$H$5:$H$60,"Yes")-_xlfn.MINIFS($J$5:$J$60,$A$5:$A$60,$A53,$H$5:$H$60,"Yes")))) | R53: =IF($H53<>"Yes","",IFERROR(ROUND(100*(IF($N53="",0,Weights!$B$5*$N53)+IF($O53="",0,Weights!$B$6*$O53)+IF($P53="",0,Weights!$B$7*$P53)+IF($Q53="",0,Weights!$B$8*$Q53))/(IF($N53="",0,Weights!$B$5)+IF($O53="",0,Weights!$B$6)+IF($P53="",0,Weights!$B$7)+IF($Q53="",0,Weights!$B$8)),2),"")) | S53: =IF($R53="","",COUNTIFS($A$5:$A$60,$A53,$R$5:$R$60,">"&$R53)+1) | T53: =IF(OR($H53<>"Yes",$E53=""),"",COUNTIFS($A$5:$A$60,$A53,$H$5:$H$60,"Yes",$E$5:$E$60,"<"&$E53)+1) | U53: =IF($S53="","",$A53&"|"&$S53) | V53: =IF($T53="","",$A53&"|"&$T53) | W53: =IF($B53="","",$B53&"|"&$D53)
M54: =IF($F54="","",IF(ISNUMBER(SEARCH("no warranty",$F54)),0,IF(ISNUMBER(SEARCH("year",$F54)),12*VALUE(LEFT($F54,FIND(" ",$F54)-1)),IF(ISNUMBER(SEARCH("month",$F54)),VALUE(LEFT($F54,FIND(" ",$F54)-1)),"")))) | N54: =IF(OR($H54<>"Yes",$E54=""),"",IF(_xlfn.MAXIFS($E$5:$E$60,$A$5:$A$60,$A54,$H$5:$H$60,"Yes")=_xlfn.MINIFS($E$5:$E$60,$A$5:$A$60,$A54,$H$5:$H$60,"Yes"),1,(_xlfn.MAXIFS($E$5:$E$60,$A$5:$A$60,$A54,$H$5:$H$60,"Yes")-$E54)/(_xlfn.MAXIFS($E$5:$E$60,$A$5:$A$60,$A54,$H$5:$H$60,"Yes")-_xlfn.MINIFS($E$5:$E$60,$A$5:$A$60,$A54,$H$5:$H$60,"Yes")))) | O54: =IF(OR($H54<>"Yes",$G54=""),"",IF(Weights!$B$10="Relative",IF(_xlfn.MAXIFS($G$5:$G$60,$A$5:$A$60,$A54,$H$5:$H$60,"Yes")=_xlfn.MINIFS($G$5:$G$60,$A$5:$A$60,$A54,$H$5:$H$60,"Yes"),1,($G54-_xlfn.MINIFS($G$5:$G$60,$A$5:$A$60,$A54,$H$5:$H$60,"Yes"))/(_xlfn.MAXIFS($G$5:$G$60,$A$5:$A$60,$A54,$H$5:$H$60,"Yes")-_xlfn.MINIFS($G$5:$G$60,$A$5:$A$60,$A54,$H$5:$H$60,"Yes"))),$G54/5)) | P54: =IF(OR($H54<>"Yes",$M54=""),"",IF(_xlfn.MAXIFS($M$5:$M$60,$A$5:$A$60,$A54,$H$5:$H$60,"Yes")=_xlfn.MINIFS($M$5:$M$60,$A$5:$A$60,$A54,$H$5:$H$60,"Yes"),1,($M54-_xlfn.MINIFS($M$5:$M$60,$A$5:$A$60,$A54,$H$5:$H$60,"Yes"))/(_xlfn.MAXIFS($M$5:$M$60,$A$5:$A$60,$A54,$H$5:$H$60,"Yes")-_xlfn.MINIFS($M$5:$M$60,$A$5:$A$60,$A54,$H$5:$H$60,"Yes")))) | Q54: =IF(OR($H54<>"Yes",$J54=""),"",IF(_xlfn.MAXIFS($J$5:$J$60,$A$5:$A$60,$A54,$H$5:$H$60,"Yes")=_xlfn.MINIFS($J$5:$J$60,$A$5:$A$60,$A54,$H$5:$H$60,"Yes"),1,(_xlfn.MAXIFS($J$5:$J$60,$A$5:$A$60,$A54,$H$5:$H$60,"Yes")-$J54)/(_xlfn.MAXIFS($J$5:$J$60,$A$5:$A$60,$A54,$H$5:$H$60,"Yes")-_xlfn.MINIFS($J$5:$J$60,$A$5:$A$60,$A54,$H$5:$H$60,"Yes")))) | R54: =IF($H54<>"Yes","",IFERROR(ROUND(100*(IF($N54="",0,Weights!$B$5*$N54)+IF($O54="",0,Weights!$B$6*$O54)+IF($P54="",0,Weights!$B$7*$P54)+IF($Q54="",0,Weights!$B$8*$Q54))/(IF($N54="",0,Weights!$B$5)+IF($O54="",0,Weights!$B$6)+IF($P54="",0,Weights!$B$7)+IF($Q54="",0,Weights!$B$8)),2),"")) | S54: =IF($R54="","",COUNTIFS($A$5:$A$60,$A54,$R$5:$R$60,">"&$R54)+1) | T54: =IF(OR($H54<>"Yes",$E54=""),"",COUNTIFS($A$5:$A$60,$A54,$H$5:$H$60,"Yes",$E$5:$E$60,"<"&$E54)+1) | U54: =IF($S54="","",$A54&"|"&$S54) | V54: =IF($T54="","",$A54&"|"&$T54) | W54: =IF($B54="","",$B54&"|"&$D54)
M55: =IF($F55="","",IF(ISNUMBER(SEARCH("no warranty",$F55)),0,IF(ISNUMBER(SEARCH("year",$F55)),12*VALUE(LEFT($F55,FIND(" ",$F55)-1)),IF(ISNUMBER(SEARCH("month",$F55)),VALUE(LEFT($F55,FIND(" ",$F55)-1)),"")))) | N55: =IF(OR($H55<>"Yes",$E55=""),"",IF(_xlfn.MAXIFS($E$5:$E$60,$A$5:$A$60,$A55,$H$5:$H$60,"Yes")=_xlfn.MINIFS($E$5:$E$60,$A$5:$A$60,$A55,$H$5:$H$60,"Yes"),1,(_xlfn.MAXIFS($E$5:$E$60,$A$5:$A$60,$A55,$H$5:$H$60,"Yes")-$E55)/(_xlfn.MAXIFS($E$5:$E$60,$A$5:$A$60,$A55,$H$5:$H$60,"Yes")-_xlfn.MINIFS($E$5:$E$60,$A$5:$A$60,$A55,$H$5:$H$60,"Yes")))) | O55: =IF(OR($H55<>"Yes",$G55=""),"",IF(Weights!$B$10="Relative",IF(_xlfn.MAXIFS($G$5:$G$60,$A$5:$A$60,$A55,$H$5:$H$60,"Yes")=_xlfn.MINIFS($G$5:$G$60,$A$5:$A$60,$A55,$H$5:$H$60,"Yes"),1,($G55-_xlfn.MINIFS($G$5:$G$60,$A$5:$A$60,$A55,$H$5:$H$60,"Yes"))/(_xlfn.MAXIFS($G$5:$G$60,$A$5:$A$60,$A55,$H$5:$H$60,"Yes")-_xlfn.MINIFS($G$5:$G$60,$A$5:$A$60,$A55,$H$5:$H$60,"Yes"))),$G55/5)) | P55: =IF(OR($H55<>"Yes",$M55=""),"",IF(_xlfn.MAXIFS($M$5:$M$60,$A$5:$A$60,$A55,$H$5:$H$60,"Yes")=_xlfn.MINIFS($M$5:$M$60,$A$5:$A$60,$A55,$H$5:$H$60,"Yes"),1,($M55-_xlfn.MINIFS($M$5:$M$60,$A$5:$A$60,$A55,$H$5:$H$60,"Yes"))/(_xlfn.MAXIFS($M$5:$M$60,$A$5:$A$60,$A55,$H$5:$H$60,"Yes")-_xlfn.MINIFS($M$5:$M$60,$A$5:$A$60,$A55,$H$5:$H$60,"Yes")))) | Q55: =IF(OR($H55<>"Yes",$J55=""),"",IF(_xlfn.MAXIFS($J$5:$J$60,$A$5:$A$60,$A55,$H$5:$H$60,"Yes")=_xlfn.MINIFS($J$5:$J$60,$A$5:$A$60,$A55,$H$5:$H$60,"Yes"),1,(_xlfn.MAXIFS($J$5:$J$60,$A$5:$A$60,$A55,$H$5:$H$60,"Yes")-$J55)/(_xlfn.MAXIFS($J$5:$J$60,$A$5:$A$60,$A55,$H$5:$H$60,"Yes")-_xlfn.MINIFS($J$5:$J$60,$A$5:$A$60,$A55,$H$5:$H$60,"Yes")))) | R55: =IF($H55<>"Yes","",IFERROR(ROUND(100*(IF($N55="",0,Weights!$B$5*$N55)+IF($O55="",0,Weights!$B$6*$O55)+IF($P55="",0,Weights!$B$7*$P55)+IF($Q55="",0,Weights!$B$8*$Q55))/(IF($N55="",0,Weights!$B$5)+IF($O55="",0,Weights!$B$6)+IF($P55="",0,Weights!$B$7)+IF($Q55="",0,Weights!$B$8)),2),"")) | S55: =IF($R55="","",COUNTIFS($A$5:$A$60,$A55,$R$5:$R$60,">"&$R55)+1) | T55: =IF(OR($H55<>"Yes",$E55=""),"",COUNTIFS($A$5:$A$60,$A55,$H$5:$H$60,"Yes",$E$5:$E$60,"<"&$E55)+1) | U55: =IF($S55="","",$A55&"|"&$S55) | V55: =IF($T55="","",$A55&"|"&$T55) | W55: =IF($B55="","",$B55&"|"&$D55)
M56: =IF($F56="","",IF(ISNUMBER(SEARCH("no warranty",$F56)),0,IF(ISNUMBER(SEARCH("year",$F56)),12*VALUE(LEFT($F56,FIND(" ",$F56)-1)),IF(ISNUMBER(SEARCH("month",$F56)),VALUE(LEFT($F56,FIND(" ",$F56)-1)),"")))) | N56: =IF(OR($H56<>"Yes",$E56=""),"",IF(_xlfn.MAXIFS($E$5:$E$60,$A$5:$A$60,$A56,$H$5:$H$60,"Yes")=_xlfn.MINIFS($E$5:$E$60,$A$5:$A$60,$A56,$H$5:$H$60,"Yes"),1,(_xlfn.MAXIFS($E$5:$E$60,$A$5:$A$60,$A56,$H$5:$H$60,"Yes")-$E56)/(_xlfn.MAXIFS($E$5:$E$60,$A$5:$A$60,$A56,$H$5:$H$60,"Yes")-_xlfn.MINIFS($E$5:$E$60,$A$5:$A$60,$A56,$H$5:$H$60,"Yes")))) | O56: =IF(OR($H56<>"Yes",$G56=""),"",IF(Weights!$B$10="Relative",IF(_xlfn.MAXIFS($G$5:$G$60,$A$5:$A$60,$A56,$H$5:$H$60,"Yes")=_xlfn.MINIFS($G$5:$G$60,$A$5:$A$60,$A56,$H$5:$H$60,"Yes"),1,($G56-_xlfn.MINIFS($G$5:$G$60,$A$5:$A$60,$A56,$H$5:$H$60,"Yes"))/(_xlfn.MAXIFS($G$5:$G$60,$A$5:$A$60,$A56,$H$5:$H$60,"Yes")-_xlfn.MINIFS($G$5:$G$60,$A$5:$A$60,$A56,$H$5:$H$60,"Yes"))),$G56/5)) | P56: =IF(OR($H56<>"Yes",$M56=""),"",IF(_xlfn.MAXIFS($M$5:$M$60,$A$5:$A$60,$A56,$H$5:$H$60,"Yes")=_xlfn.MINIFS($M$5:$M$60,$A$5:$A$60,$A56,$H$5:$H$60,"Yes"),1,($M56-_xlfn.MINIFS($M$5:$M$60,$A$5:$A$60,$A56,$H$5:$H$60,"Yes"))/(_xlfn.MAXIFS($M$5:$M$60,$A$5:$A$60,$A56,$H$5:$H$60,"Yes")-_xlfn.MINIFS($M$5:$M$60,$A$5:$A$60,$A56,$H$5:$H$60,"Yes")))) | Q56: =IF(OR($H56<>"Yes",$J56=""),"",IF(_xlfn.MAXIFS($J$5:$J$60,$A$5:$A$60,$A56,$H$5:$H$60,"Yes")=_xlfn.MINIFS($J$5:$J$60,$A$5:$A$60,$A56,$H$5:$H$60,"Yes"),1,(_xlfn.MAXIFS($J$5:$J$60,$A$5:$A$60,$A56,$H$5:$H$60,"Yes")-$J56)/(_xlfn.MAXIFS($J$5:$J$60,$A$5:$A$60,$A56,$H$5:$H$60,"Yes")-_xlfn.MINIFS($J$5:$J$60,$A$5:$A$60,$A56,$H$5:$H$60,"Yes")))) | R56: =IF($H56<>"Yes","",IFERROR(ROUND(100*(IF($N56="",0,Weights!$B$5*$N56)+IF($O56="",0,Weights!$B$6*$O56)+IF($P56="",0,Weights!$B$7*$P56)+IF($Q56="",0,Weights!$B$8*$Q56))/(IF($N56="",0,Weights!$B$5)+IF($O56="",0,Weights!$B$6)+IF($P56="",0,Weights!$B$7)+IF($Q56="",0,Weights!$B$8)),2),"")) | S56: =IF($R56="","",COUNTIFS($A$5:$A$60,$A56,$R$5:$R$60,">"&$R56)+1) | T56: =IF(OR($H56<>"Yes",$E56=""),"",COUNTIFS($A$5:$A$60,$A56,$H$5:$H$60,"Yes",$E$5:$E$60,"<"&$E56)+1) | U56: =IF($S56="","",$A56&"|"&$S56) | V56: =IF($T56="","",$A56&"|"&$T56) | W56: =IF($B56="","",$B56&"|"&$D56)
M57: =IF($F57="","",IF(ISNUMBER(SEARCH("no warranty",$F57)),0,IF(ISNUMBER(SEARCH("year",$F57)),12*VALUE(LEFT($F57,FIND(" ",$F57)-1)),IF(ISNUMBER(SEARCH("month",$F57)),VALUE(LEFT($F57,FIND(" ",$F57)-1)),"")))) | N57: =IF(OR($H57<>"Yes",$E57=""),"",IF(_xlfn.MAXIFS($E$5:$E$60,$A$5:$A$60,$A57,$H$5:$H$60,"Yes")=_xlfn.MINIFS($E$5:$E$60,$A$5:$A$60,$A57,$H$5:$H$60,"Yes"),1,(_xlfn.MAXIFS($E$5:$E$60,$A$5:$A$60,$A57,$H$5:$H$60,"Yes")-$E57)/(_xlfn.MAXIFS($E$5:$E$60,$A$5:$A$60,$A57,$H$5:$H$60,"Yes")-_xlfn.MINIFS($E$5:$E$60,$A$5:$A$60,$A57,$H$5:$H$60,"Yes")))) | O57: =IF(OR($H57<>"Yes",$G57=""),"",IF(Weights!$B$10="Relative",IF(_xlfn.MAXIFS($G$5:$G$60,$A$5:$A$60,$A57,$H$5:$H$60,"Yes")=_xlfn.MINIFS($G$5:$G$60,$A$5:$A$60,$A57,$H$5:$H$60,"Yes"),1,($G57-_xlfn.MINIFS($G$5:$G$60,$A$5:$A$60,$A57,$H$5:$H$60,"Yes"))/(_xlfn.MAXIFS($G$5:$G$60,$A$5:$A$60,$A57,$H$5:$H$60,"Yes")-_xlfn.MINIFS($G$5:$G$60,$A$5:$A$60,$A57,$H$5:$H$60,"Yes"))),$G57/5)) | P57: =IF(OR($H57<>"Yes",$M57=""),"",IF(_xlfn.MAXIFS($M$5:$M$60,$A$5:$A$60,$A57,$H$5:$H$60,"Yes")=_xlfn.MINIFS($M$5:$M$60,$A$5:$A$60,$A57,$H$5:$H$60,"Yes"),1,($M57-_xlfn.MINIFS($M$5:$M$60,$A$5:$A$60,$A57,$H$5:$H$60,"Yes"))/(_xlfn.MAXIFS($M$5:$M$60,$A$5:$A$60,$A57,$H$5:$H$60,"Yes")-_xlfn.MINIFS($M$5:$M$60,$A$5:$A$60,$A57,$H$5:$H$60,"Yes")))) | Q57: =IF(OR($H57<>"Yes",$J57=""),"",IF(_xlfn.MAXIFS($J$5:$J$60,$A$5:$A$60,$A57,$H$5:$H$60,"Yes")=_xlfn.MINIFS($J$5:$J$60,$A$5:$A$60,$A57,$H$5:$H$60,"Yes"),1,(_xlfn.MAXIFS($J$5:$J$60,$A$5:$A$60,$A57,$H$5:$H$60,"Yes")-$J57)/(_xlfn.MAXIFS($J$5:$J$60,$A$5:$A$60,$A57,$H$5:$H$60,"Yes")-_xlfn.MINIFS($J$5:$J$60,$A$5:$A$60,$A57,$H$5:$H$60,"Yes")))) | R57: =IF($H57<>"Yes","",IFERROR(ROUND(100*(IF($N57="",0,Weights!$B$5*$N57)+IF($O57="",0,Weights!$B$6*$O57)+IF($P57="",0,Weights!$B$7*$P57)+IF($Q57="",0,Weights!$B$8*$Q57))/(IF($N57="",0,Weights!$B$5)+IF($O57="",0,Weights!$B$6)+IF($P57="",0,Weights!$B$7)+IF($Q57="",0,Weights!$B$8)),2),"")) | S57: =IF($R57="","",COUNTIFS($A$5:$A$60,$A57,$R$5:$R$60,">"&$R57)+1) | T57: =IF(OR($H57<>"Yes",$E57=""),"",COUNTIFS($A$5:$A$60,$A57,$H$5:$H$60,"Yes",$E$5:$E$60,"<"&$E57)+1) | U57: =IF($S57="","",$A57&"|"&$S57) | V57: =IF($T57="","",$A57&"|"&$T57) | W57: =IF($B57="","",$B57&"|"&$D57)
M58: =IF($F58="","",IF(ISNUMBER(SEARCH("no warranty",$F58)),0,IF(ISNUMBER(SEARCH("year",$F58)),12*VALUE(LEFT($F58,FIND(" ",$F58)-1)),IF(ISNUMBER(SEARCH("month",$F58)),VALUE(LEFT($F58,FIND(" ",$F58)-1)),"")))) | N58: =IF(OR($H58<>"Yes",$E58=""),"",IF(_xlfn.MAXIFS($E$5:$E$60,$A$5:$A$60,$A58,$H$5:$H$60,"Yes")=_xlfn.MINIFS($E$5:$E$60,$A$5:$A$60,$A58,$H$5:$H$60,"Yes"),1,(_xlfn.MAXIFS($E$5:$E$60,$A$5:$A$60,$A58,$H$5:$H$60,"Yes")-$E58)/(_xlfn.MAXIFS($E$5:$E$60,$A$5:$A$60,$A58,$H$5:$H$60,"Yes")-_xlfn.MINIFS($E$5:$E$60,$A$5:$A$60,$A58,$H$5:$H$60,"Yes")))) | O58: =IF(OR($H58<>"Yes",$G58=""),"",IF(Weights!$B$10="Relative",IF(_xlfn.MAXIFS($G$5:$G$60,$A$5:$A$60,$A58,$H$5:$H$60,"Yes")=_xlfn.MINIFS($G$5:$G$60,$A$5:$A$60,$A58,$H$5:$H$60,"Yes"),1,($G58-_xlfn.MINIFS($G$5:$G$60,$A$5:$A$60,$A58,$H$5:$H$60,"Yes"))/(_xlfn.MAXIFS($G$5:$G$60,$A$5:$A$60,$A58,$H$5:$H$60,"Yes")-_xlfn.MINIFS($G$5:$G$60,$A$5:$A$60,$A58,$H$5:$H$60,"Yes"))),$G58/5)) | P58: =IF(OR($H58<>"Yes",$M58=""),"",IF(_xlfn.MAXIFS($M$5:$M$60,$A$5:$A$60,$A58,$H$5:$H$60,"Yes")=_xlfn.MINIFS($M$5:$M$60,$A$5:$A$60,$A58,$H$5:$H$60,"Yes"),1,($M58-_xlfn.MINIFS($M$5:$M$60,$A$5:$A$60,$A58,$H$5:$H$60,"Yes"))/(_xlfn.MAXIFS($M$5:$M$60,$A$5:$A$60,$A58,$H$5:$H$60,"Yes")-_xlfn.MINIFS($M$5:$M$60,$A$5:$A$60,$A58,$H$5:$H$60,"Yes")))) | Q58: =IF(OR($H58<>"Yes",$J58=""),"",IF(_xlfn.MAXIFS($J$5:$J$60,$A$5:$A$60,$A58,$H$5:$H$60,"Yes")=_xlfn.MINIFS($J$5:$J$60,$A$5:$A$60,$A58,$H$5:$H$60,"Yes"),1,(_xlfn.MAXIFS($J$5:$J$60,$A$5:$A$60,$A58,$H$5:$H$60,"Yes")-$J58)/(_xlfn.MAXIFS($J$5:$J$60,$A$5:$A$60,$A58,$H$5:$H$60,"Yes")-_xlfn.MINIFS($J$5:$J$60,$A$5:$A$60,$A58,$H$5:$H$60,"Yes")))) | R58: =IF($H58<>"Yes","",IFERROR(ROUND(100*(IF($N58="",0,Weights!$B$5*$N58)+IF($O58="",0,Weights!$B$6*$O58)+IF($P58="",0,Weights!$B$7*$P58)+IF($Q58="",0,Weights!$B$8*$Q58))/(IF($N58="",0,Weights!$B$5)+IF($O58="",0,Weights!$B$6)+IF($P58="",0,Weights!$B$7)+IF($Q58="",0,Weights!$B$8)),2),"")) | S58: =IF($R58="","",COUNTIFS($A$5:$A$60,$A58,$R$5:$R$60,">"&$R58)+1) | T58: =IF(OR($H58<>"Yes",$E58=""),"",COUNTIFS($A$5:$A$60,$A58,$H$5:$H$60,"Yes",$E$5:$E$60,"<"&$E58)+1) | U58: =IF($S58="","",$A58&"|"&$S58) | V58: =IF($T58="","",$A58&"|"&$T58) | W58: =IF($B58="","",$B58&"|"&$D58)
M59: =IF($F59="","",IF(ISNUMBER(SEARCH("no warranty",$F59)),0,IF(ISNUMBER(SEARCH("year",$F59)),12*VALUE(LEFT($F59,FIND(" ",$F59)-1)),IF(ISNUMBER(SEARCH("month",$F59)),VALUE(LEFT($F59,FIND(" ",$F59)-1)),"")))) | N59: =IF(OR($H59<>"Yes",$E59=""),"",IF(_xlfn.MAXIFS($E$5:$E$60,$A$5:$A$60,$A59,$H$5:$H$60,"Yes")=_xlfn.MINIFS($E$5:$E$60,$A$5:$A$60,$A59,$H$5:$H$60,"Yes"),1,(_xlfn.MAXIFS($E$5:$E$60,$A$5:$A$60,$A59,$H$5:$H$60,"Yes")-$E59)/(_xlfn.MAXIFS($E$5:$E$60,$A$5:$A$60,$A59,$H$5:$H$60,"Yes")-_xlfn.MINIFS($E$5:$E$60,$A$5:$A$60,$A59,$H$5:$H$60,"Yes")))) | O59: =IF(OR($H59<>"Yes",$G59=""),"",IF(Weights!$B$10="Relative",IF(_xlfn.MAXIFS($G$5:$G$60,$A$5:$A$60,$A59,$H$5:$H$60,"Yes")=_xlfn.MINIFS($G$5:$G$60,$A$5:$A$60,$A59,$H$5:$H$60,"Yes"),1,($G59-_xlfn.MINIFS($G$5:$G$60,$A$5:$A$60,$A59,$H$5:$H$60,"Yes"))/(_xlfn.MAXIFS($G$5:$G$60,$A$5:$A$60,$A59,$H$5:$H$60,"Yes")-_xlfn.MINIFS($G$5:$G$60,$A$5:$A$60,$A59,$H$5:$H$60,"Yes"))),$G59/5)) | P59: =IF(OR($H59<>"Yes",$M59=""),"",IF(_xlfn.MAXIFS($M$5:$M$60,$A$5:$A$60,$A59,$H$5:$H$60,"Yes")=_xlfn.MINIFS($M$5:$M$60,$A$5:$A$60,$A59,$H$5:$H$60,"Yes"),1,($M59-_xlfn.MINIFS($M$5:$M$60,$A$5:$A$60,$A59,$H$5:$H$60,"Yes"))/(_xlfn.MAXIFS($M$5:$M$60,$A$5:$A$60,$A59,$H$5:$H$60,"Yes")-_xlfn.MINIFS($M$5:$M$60,$A$5:$A$60,$A59,$H$5:$H$60,"Yes")))) | Q59: =IF(OR($H59<>"Yes",$J59=""),"",IF(_xlfn.MAXIFS($J$5:$J$60,$A$5:$A$60,$A59,$H$5:$H$60,"Yes")=_xlfn.MINIFS($J$5:$J$60,$A$5:$A$60,$A59,$H$5:$H$60,"Yes"),1,(_xlfn.MAXIFS($J$5:$J$60,$A$5:$A$60,$A59,$H$5:$H$60,"Yes")-$J59)/(_xlfn.MAXIFS($J$5:$J$60,$A$5:$A$60,$A59,$H$5:$H$60,"Yes")-_xlfn.MINIFS($J$5:$J$60,$A$5:$A$60,$A59,$H$5:$H$60,"Yes")))) | R59: =IF($H59<>"Yes","",IFERROR(ROUND(100*(IF($N59="",0,Weights!$B$5*$N59)+IF($O59="",0,Weights!$B$6*$O59)+IF($P59="",0,Weights!$B$7*$P59)+IF($Q59="",0,Weights!$B$8*$Q59))/(IF($N59="",0,Weights!$B$5)+IF($O59="",0,Weights!$B$6)+IF($P59="",0,Weights!$B$7)+IF($Q59="",0,Weights!$B$8)),2),"")) | S59: =IF($R59="","",COUNTIFS($A$5:$A$60,$A59,$R$5:$R$60,">"&$R59)+1) | T59: =IF(OR($H59<>"Yes",$E59=""),"",COUNTIFS($A$5:$A$60,$A59,$H$5:$H$60,"Yes",$E$5:$E$60,"<"&$E59)+1) | U59: =IF($S59="","",$A59&"|"&$S59) | V59: =IF($T59="","",$A59&"|"&$T59) | W59: =IF($B59="","",$B59&"|"&$D59)
M60: =IF($F60="","",IF(ISNUMBER(SEARCH("no warranty",$F60)),0,IF(ISNUMBER(SEARCH("year",$F60)),12*VALUE(LEFT($F60,FIND(" ",$F60)-1)),IF(ISNUMBER(SEARCH("month",$F60)),VALUE(LEFT($F60,FIND(" ",$F60)-1)),"")))) | N60: =IF(OR($H60<>"Yes",$E60=""),"",IF(_xlfn.MAXIFS($E$5:$E$60,$A$5:$A$60,$A60,$H$5:$H$60,"Yes")=_xlfn.MINIFS($E$5:$E$60,$A$5:$A$60,$A60,$H$5:$H$60,"Yes"),1,(_xlfn.MAXIFS($E$5:$E$60,$A$5:$A$60,$A60,$H$5:$H$60,"Yes")-$E60)/(_xlfn.MAXIFS($E$5:$E$60,$A$5:$A$60,$A60,$H$5:$H$60,"Yes")-_xlfn.MINIFS($E$5:$E$60,$A$5:$A$60,$A60,$H$5:$H$60,"Yes")))) | O60: =IF(OR($H60<>"Yes",$G60=""),"",IF(Weights!$B$10="Relative",IF(_xlfn.MAXIFS($G$5:$G$60,$A$5:$A$60,$A60,$H$5:$H$60,"Yes")=_xlfn.MINIFS($G$5:$G$60,$A$5:$A$60,$A60,$H$5:$H$60,"Yes"),1,($G60-_xlfn.MINIFS($G$5:$G$60,$A$5:$A$60,$A60,$H$5:$H$60,"Yes"))/(_xlfn.MAXIFS($G$5:$G$60,$A$5:$A$60,$A60,$H$5:$H$60,"Yes")-_xlfn.MINIFS($G$5:$G$60,$A$5:$A$60,$A60,$H$5:$H$60,"Yes"))),$G60/5)) | P60: =IF(OR($H60<>"Yes",$M60=""),"",IF(_xlfn.MAXIFS($M$5:$M$60,$A$5:$A$60,$A60,$H$5:$H$60,"Yes")=_xlfn.MINIFS($M$5:$M$60,$A$5:$A$60,$A60,$H$5:$H$60,"Yes"),1,($M60-_xlfn.MINIFS($M$5:$M$60,$A$5:$A$60,$A60,$H$5:$H$60,"Yes"))/(_xlfn.MAXIFS($M$5:$M$60,$A$5:$A$60,$A60,$H$5:$H$60,"Yes")-_xlfn.MINIFS($M$5:$M$60,$A$5:$A$60,$A60,$H$5:$H$60,"Yes")))) | Q60: =IF(OR($H60<>"Yes",$J60=""),"",IF(_xlfn.MAXIFS($J$5:$J$60,$A$5:$A$60,$A60,$H$5:$H$60,"Yes")=_xlfn.MINIFS($J$5:$J$60,$A$5:$A$60,$A60,$H$5:$H$60,"Yes"),1,(_xlfn.MAXIFS($J$5:$J$60,$A$5:$A$60,$A60,$H$5:$H$60,"Yes")-$J60)/(_xlfn.MAXIFS($J$5:$J$60,$A$5:$A$60,$A60,$H$5:$H$60,"Yes")-_xlfn.MINIFS($J$5:$J$60,$A$5:$A$60,$A60,$H$5:$H$60,"Yes")))) | R60: =IF($H60<>"Yes","",IFERROR(ROUND(100*(IF($N60="",0,Weights!$B$5*$N60)+IF($O60="",0,Weights!$B$6*$O60)+IF($P60="",0,Weights!$B$7*$P60)+IF($Q60="",0,Weights!$B$8*$Q60))/(IF($N60="",0,Weights!$B$5)+IF($O60="",0,Weights!$B$6)+IF($P60="",0,Weights!$B$7)+IF($Q60="",0,Weights!$B$8)),2),"")) | S60: =IF($R60="","",COUNTIFS($A$5:$A$60,$A60,$R$5:$R$60,">"&$R60)+1) | T60: =IF(OR($H60<>"Yes",$E60=""),"",COUNTIFS($A$5:$A$60,$A60,$H$5:$H$60,"Yes",$E$5:$E$60,"<"&$E60)+1) | U60: =IF($S60="","",$A60&"|"&$S60) | V60: =IF($T60="","",$A60&"|"&$T60) | W60: =IF($B60="","",$B60&"|"&$D60)

Sheet By Category
A1: PriceHub — Similar Products by Category
A2: Groups the similar products so you can see the cheapest best-value pick in each category. Uses the 'Overview' sheet.
A4: Category | B4: Products in category | C4: Cheapest best-value price (₹) | D4: Cheapest item (by best-value price) | E4: Average best-value price (₹)
A5: Audio | B5: =COUNTIF(Overview!$C$5:$C$19,$A5) -> 3 | C5: =IF(COUNTIFS(Overview!$C$5:$C$19,$A5,Overview!$E$5:$E$19,">0")=0,"",_xlfn.MINIFS(Overview!$E$5:$E$19,Overview!$C$5:$C$19,$A5)) -> 94 | D5: =IF($C5="","",INDEX(Overview!$B$5:$B$19,MATCH($A5&"|"&$C5,Overview!$L$5:$L$19,0))) -> Wired In-Ear Earphones with Mic | E5: =IFERROR(AVERAGEIFS(Overview!$E$5:$E$19,Overview!$C$5:$C$19,$A5),"") -> 351.33333
A6: Clothing | B6: =COUNTIF(Overview!$C$5:$C$19,$A6) -> 5 | C6: =IF(COUNTIFS(Overview!$C$5:$C$19,$A6,Overview!$E$5:$E$19,">0")=0,"",_xlfn.MINIFS(Overview!$E$5:$E$19,Overview!$C$5:$C$19,$A6)) -> 247 | D6: =IF($C6="","",INDEX(Overview!$B$5:$B$19,MATCH($A6&"|"&$C6,Overview!$L$5:$L$19,0))) -> Girls Cotton Party Frock | E6: =IFERROR(AVERAGEIFS(Overview!$E$5:$E$19,Overview!$C$5:$C$19,$A6),"") -> 410.2
A7: Footwear | B7: =COUNTIF(Overview!$C$5:$C$19,$A7) -> 2 | C7: =IF(COUNTIFS(Overview!$C$5:$C$19,$A7,Overview!$E$5:$E$19,">0")=0,"",_xlfn.MINIFS(Overview!$E$5:$E$19,Overview!$C$5:$C$19,$A7)) -> 150 | D7: =IF($C7="","",INDEX(Overview!$B$5:$B$19,MATCH($A7&"|"&$C7,Overview!$L$5:$L$19,0))) -> Women's Flat Sandals | E7: =IFERROR(AVERAGEIFS(Overview!$E$5:$E$19,Overview!$C$5:$C$19,$A7),"") -> 199.5
A8: Watches | B8: =COUNTIF(Overview!$C$5:$C$19,$A8) -> 2 | C8: =IF(COUNTIFS(Overview!$C$5:$C$19,$A8,Overview!$E$5:$E$19,">0")=0,"",_xlfn.MINIFS(Overview!$E$5:$E$19,Overview!$C$5:$C$19,$A8)) -> 260 | D8: =IF($C8="","",INDEX(Overview!$B$5:$B$19,MATCH($A8&"|"&$C8,Overview!$L$5:$L$19,0))) -> Men's Digital Sports Watch | E8: =IFERROR(AVERAGEIFS(Overview!$E$5:$E$19,Overview!$C$5:$C$19,$A8),"") -> 1127.5
A9: Bags | B9: =COUNTIF(Overview!$C$5:$C$19,$A9) -> 1 | C9: =IF(COUNTIFS(Overview!$C$5:$C$19,$A9,Overview!$E$5:$E$19,">0")=0,"",_xlfn.MINIFS(Overview!$E$5:$E$19,Overview!$C$5:$C$19,$A9)) -> 143 | D9: =IF($C9="","",INDEX(Overview!$B$5:$B$19,MATCH($A9&"|"&$C9,Overview!$L$5:$L$19,0))) -> Women's Sling Bag | E9: =IFERROR(AVERAGEIFS(Overview!$E$5:$E$19,Overview!$C$5:$C$19,$A9),"") -> 143
A10: Home Decor | B10: =COUNTIF(Overview!$C$5:$C$19,$A10) -> 1 | C10: =IF(COUNTIFS(Overview!$C$5:$C$19,$A10,Overview!$E$5:$E$19,">0")=0,"",_xlfn.MINIFS(Overview!$E$5:$E$19,Overview!$C$5:$C$19,$A10)) -> 200 | D10: =IF($C10="","",INDEX(Overview!$B$5:$B$19,MATCH($A10&"|"&$C10,Overview!$L$5:$L$19,0))) -> Home Decor Item | E10: =IFERROR(AVERAGEIFS(Overview!$E$5:$E$19,Overview!$C$5:$C$19,$A10),"") -> 200
A11: Kids | B11: =COUNTIF(Overview!$C$5:$C$19,$A11) -> 1 | C11: =IF(COUNTIFS(Overview!$C$5:$C$19,$A11,Overview!$E$5:$E$19,">0")=0,"",_xlfn.MINIFS(Overview!$E$5:$E$19,Overview!$C$5:$C$19,$A11)) -> 700 | D11: =IF($C11="","",INDEX(Overview!$B$5:$B$19,MATCH($A11&"|"&$C11,Overview!$L$5:$L$19,0))) -> Kids Cycle | E11: =IFERROR(AVERAGEIFS(Overview!$E$5:$E$19,Overview!$C$5:$C$19,$A11),"") -> 700

Sheet Weights
A1: PriceHub — Scoring Weights
A2: Change the blue cells to change what 'best' means. Scores are re-scaled automatically, so weights need not add up to exactly 100%.
A4: Factor | B4: Weight | C4: How it is scored (per product, among in-stock listings)
A5: Price | B5: 0.5 | C5: Lowest price = 1, highest price = 0, others in between
A6: Rating | B6: 0.3 | C6: Depends on the rating method below
A7: Warranty | B7: 0.2 | C7: Longest warranty = 1, shortest = 0 (if all listings are equal, everyone scores 1)
A8: Delivery | B8: 0 | C8: Optional. Off by default (no delivery data collected). Fill the Delivery column and raise this weight to use it
A9: Total | B9: =SUM(B5:B8) -> 1 | C9: =IF(ROUND(B9,4)=1,"OK: weights add up to 100%","Note: weights do not add up to 100% (scores are still re-scaled)") -> OK: weights add up to 100%
A10: Rating method | B10: Out of 5 | C10: 'Out of 5' = rating ÷ 5 (a 4.5 vs 4.4 gap stays small). 'Relative' = best rating 1, worst 0 (stretches small gaps).
A12: How to use this workbook
A13: 1. On the 'Compare' sheet pick ONE product from the dropdown. The 3 marketplaces are compared side by side and the best one is worked out at that moment.
A14: 2. Nothing is stored as 'recommended': every score, rank and recommendation is a formula that recalculates from the 'Products' data and these weights.
A15: 3. 'Products' holds your prices.csv data (collected 15-17 Oct 2026, not live). Edit only BLUE cells. Use the same Product ID and name for the same item on different marketplaces.
A16: 4. These are SIMILAR products, not identical models (for example the Flipkart and Meesho neckbands are different brands). Compare with that in mind.
A17: 5. Set 'In stock' to No to exclude a listing. Leave Rating or Delivery blank if unknown: that factor is skipped and the other weights are re-scaled.
A18: 6. Warranty is typed as text (for example '1 Year', '2 year', '1 Month', 'No Warranty') and converted to months by a formula.
A19: 7. Scores are relative within one product. Ratings have no review counts here, so a 5.0 may rest on very few reviews.
A20: 8. To add a product, add rows on 'Products' (formulas are filled to row 60) and type its Product ID in the next free row of 'Overview'.
